Filename,Song Title,Tokens,Lemmas,POS,Document
A&W Lyrics | Genius Lyrics.txt,A&W,"['Song', 'Title', ':', 'A&W', '\n\n', 'I', 'have', ""n't"", 'done', 'a', 'cartwheel', 'since', 'I', 'was', 'nineI', 'have', ""n't"", 'seen', 'my', 'mother', 'in', 'a', 'long', ',', 'long', 'timeI', 'mean', ',', 'look', 'at', 'meLook', 'at', 'the', 'length', 'of', 'my', 'hair', ',', 'and', 'my', 'face', ',', 'the', 'shape', 'of', 'my', 'bodyDo', 'you', 'really', 'think', 'I', 'give', 'a', 'damnWhat', 'I', 'do', 'after', 'years', 'of', 'just', 'hearing', 'them', 'talking?I', 'say', 'I', 'live', 'in', 'Rosemead', ',', 'really', ',', 'I', ""'m"", 'at', 'the', 'RamadaIt', 'does', ""n't"", 'really', 'matter', ',', 'does', ""n't"", 'really', ',', 'really', 'matterCall', 'him', 'up', ',', '""', 'Come', 'into', 'my', 'bedroom""Ended', 'up', ',', 'we', 'fuck', 'on', 'the', 'hotel', 'floorIt', ""'s"", 'not', 'about', ""havin'"", 'someone', 'to', 'love', 'me', 'anymorеThis', 'is', 'the', 'experiеnce', 'of', 'bein', ""'"", 'an', 'American', 'whoreCalled', 'up', 'one', 'drunk', ',', 'called', 'up', 'anotherForensic', 'Files', 'was', ""n't"", 'onWatching', 'Teenage', 'Diary', 'of', 'a', 'GirlWondering', 'what', 'went', ""wrongI'm"", 'a', 'princess', ',', 'I', ""'m"", 'divisiveAsk', 'me', 'why', ',', 'why', ',', 'why', 'I', ""'m"", 'like', 'thisMaybe', 'I', ""'m"", 'just', 'kinda', 'like', 'thisI', 'do', ""n't"", 'know', ',', 'maybe', 'I', ""'m"", 'just', 'like', 'this']","['Song', 'Title', ':', 'A&W', '\n\n', 'I', 'have', 'not', 'do', 'a', 'cartwheel', 'since', 'I', 'be', 'nineI', 'have', 'not', 'see', 'my', 'mother', 'in', 'a', 'long', ',', 'long', 'timeI', 'mean', ',', 'look', 'at', 'melook', 'at', 'the', 'length', 'of', 'my', 'hair', ',', 'and', 'my', 'face', ',', 'the', 'shape', 'of', 'my', 'bodyDo', 'you', 'really', 'think', 'I', 'give', 'a', 'damnwhat', 'I', 'do', 'after', 'year', 'of', 'just', 'hear', 'they', 'talking?i', 'say', 'I', 'live', 'in', 'Rosemead', ',', 'really', ',', 'I', 'be', 'at', 'the', 'ramadait', 'do', 'not', 'really', 'matter', ',', 'do', 'not', 'really', ',', 'really', 'mattercall', 'he', 'up', ',', '""', 'come', 'into', 'my', 'bedroom""ende', 'up', ',', 'we', 'fuck', 'on', 'the', 'hotel', 'floorIt', ""'s"", 'not', 'about', ""havin'"", 'someone', 'to', 'love', 'I', 'anymorеthis', 'be', 'the', 'experiеnce', 'of', 'bein', ""'"", 'an', 'American', 'whorecalle', 'up', 'one', 'drunk', ',', 'call', 'up', 'anotherforensic', 'Files', 'be', 'not', 'onwatche', 'Teenage', 'Diary', 'of', 'a', 'GirlWondering', 'what', 'go', ""wrongi'm"", 'a', 'princess', ',', 'I', 'be', 'divisiveAsk', 'I', 'why', ',', 'why', ',', 'why', 'I', 'be', 'like', 'thisMaybe', 'I', 'be', 'just', 'kinda', 'like', 'thisI', 'do', 'not', 'know', ',', 'maybe', 'I', 'be', 'just', 'like', 'this']","['PROPN', 'PROPN', 'PUNCT', 'PROPN', 'SPACE', 'PRON', 'AUX', 'PART', 'VERB', 'DET', 'NOUN', 'SCONJ', 'PRON', 'AUX', 'NOUN', 'AUX', 'PART', 'VERB', 'PRON', 'NOUN', 'ADP', 'DET', 'ADJ', 'PUNCT', 'ADJ', 'PROPN', 'ADJ', 'PUNCT', 'VERB', 'ADP', 'NOUN', 'ADP', 'DET', 'NOUN', 'ADP', 'PRON', 'NOUN', 'PUNCT', 'CCONJ', 'PRON', 'NOUN', 'PUNCT', 'DET', 'NOUN', 'ADP', 'PRON', 'PROPN', 'PRON', 'ADV', 'VERB', 'PRON', 'VERB', 'DET', 'NOUN', 'PRON', 'VERB', 'ADP', 'NOUN', 'ADP', 'ADV', 'VERB', 'PRON', 'PART', 'VERB', 'PRON', 'VERB', 'ADP', 'PROPN', 'PUNCT', 'ADV', 'PUNCT', 'PRON', 'AUX', 'ADP', 'DET', 'NOUN', 'AUX', 'PART', 'ADV', 'VERB', 'PUNCT', 'AUX', 'PART', 'ADV', 'PUNCT', 'ADV', 'VERB', 'PRON', 'ADP', 'PUNCT', 'PUNCT', 'VERB', 'ADP', 'PRON', 'VERB', 'ADP', 'PUNCT', 'PRON', 'VERB', 'ADP', 'DET', 'NOUN', 'PROPN', 'PART', 'PART', 'ADP', 'VERB', 'PRON', 'PART', 'VERB', 'PRON', 'PRON', 'AUX', 'DET', 'NOUN', 'ADP', 'PROPN', 'PUNCT', 'DET', 'PROPN', 'VERB', 'ADP', 'NUM', 'NOUN', 'PUNCT', 'VERB', 'ADP', 'ADJ', 'PROPN', 'AUX', 'PART', 'VERB', 'PROPN', 'PROPN', 'ADP', 'DET', 'PROPN', 'PRON', 'VERB', 'NOUN', 'DET', 'NOUN', 'PUNCT', 'PRON', 'AUX', 'PUNCT', 'PRON', 'SCONJ', 'PUNCT', 'SCONJ', 'PUNCT', 'SCONJ', 'PRON', 'AUX', 'INTJ', 'NOUN', 'PRON', 'AUX', 'ADV', 'ADV', 'SCONJ', 'PROPN', 'AUX', 'PART', 'VERB', 'PUNCT', 'ADV', 'PRON', 'AUX', 'ADV', 'ADP', 'PRON']","Song Title: A&W 

I haven't done a cartwheel since I was nineI haven't seen my mother in a long, long timeI mean, look at meLook at the length of my hair, and my face, the shape of my bodyDo you really think I give a damnWhat I do after years of just hearing them talking?I say I live in Rosemead, really, I'm at the RamadaIt doesn't really matter, doesn't really, really matterCall him up, ""Come into my bedroom""Ended up, we fuck on the hotel floorIt's not about havin' someone to love me anymorеThis is the experiеnce of bein' an American whoreCalled up one drunk, called up anotherForensic Files wasn't onWatching Teenage Diary of a GirlWondering what went wrongI'm a princess, I'm divisiveAsk me why, why, why I'm like thisMaybe I'm just kinda like thisI don't know, maybe I'm just like this"
Video Games Lyrics | Genius Lyrics.txt,Video Games,"['Song', 'Title', ':', 'Video', 'Games', '\n\n', 'Swingin', ""'"", 'in', 'the', 'backyard', ',', 'pull', 'up', 'in', 'your', 'fast', 'carWhistlin', ""'"", 'my', 'nameOpen', 'up', 'a', 'beer', 'and', 'you', 'say', ',', '""', 'Get', 'over', 'hereAnd', 'play', 'a', 'video', 'game""I\'m', 'in', 'his', 'favorite', 'sundress', ',', 'watching', 'me', 'get', 'undressedTake', 'that', 'body', 'downtownI', 'say', ',', '""', 'You', 'the', 'bestest', ',', '""', 'lean', 'in', 'for', 'a', 'big', 'kiss', ',', 'put', 'his', 'favorite', 'perfume', 'on""Go', 'play', 'your', 'video', 'game""It', ""'s"", 'you', ',', 'it', ""'s"", 'you', ',', 'it', ""'s"", 'all', 'for', 'you', ',', 'everything', 'I', 'doI', 'tell', 'you', 'all', 'the', 'time', ',', 'Heaven', 'is', 'a', 'place', 'on', 'Earth', 'with', 'youTell', 'me', 'all', 'the', 'things', 'you', 'wanna', 'doI', 'heard', 'that', 'you', 'like', 'the', 'bad', 'girls', ',', 'honey', ',', 'is', 'that', 'true?It', ""'s"", 'better', 'than', 'I', 'ever', 'even', 'knewThey', 'say', 'that', 'the', 'world', 'was', 'built', 'for', 'twoOnly', 'worth', 'living', 'if', 'somebody', 'is', 'loving', 'youAnd', 'baby', ',', 'now', 'you', 'doMmmSingin', ""'"", 'in', 'the', 'old', 'bars', ',', 'swinging', 'with', 'the', 'old', 'starsLivin', ""'"", 'for', 'the', 'fameKissin', ""'"", 'in', 'the', 'blue', 'dark', ',', 'playing', 'pool', 'and', 'wild', 'dartsVideo', 'gamesHe', 'holds', 'me', 'in', 'his', 'big', 'arms', ',', 'drunk', ',', 'and', 'I', 'am', 'seeing', 'starsThis', 'is', 'all', 'I', 'think', 'ofWatchin', ""'"", 'all', 'our', 'friends', 'fall', 'in', 'and', 'out', 'of', 'Old', 'Paul', ""'s"", ',', 'this', 'is', 'my', 'idea', 'of', 'funPlayin', ""'"", 'video', 'games']","['Song', 'Title', ':', 'Video', 'Games', '\n\n', 'Swingin', ""'"", 'in', 'the', 'backyard', ',', 'pull', 'up', 'in', 'your', 'fast', 'carwhistlin', ""'"", 'my', 'nameopen', 'up', 'a', 'beer', 'and', 'you', 'say', ',', '""', 'get', 'over', 'hereand', 'play', 'a', 'video', 'game""i\'m', 'in', 'his', 'favorite', 'sundress', ',', 'watch', 'I', 'get', 'undressedtake', 'that', 'body', 'downtownI', 'say', ',', '""', 'you', 'the', 'best', ',', '""', 'lean', 'in', 'for', 'a', 'big', 'kiss', ',', 'put', 'his', 'favorite', 'perfume', 'on""Go', 'play', 'your', 'video', 'game""It', ""'s"", 'you', ',', 'it', 'be', 'you', ',', 'it', 'be', 'all', 'for', 'you', ',', 'everything', 'I', 'doi', 'tell', 'you', 'all', 'the', 'time', ',', 'Heaven', 'be', 'a', 'place', 'on', 'Earth', 'with', 'youTell', 'I', 'all', 'the', 'thing', 'you', 'wanna', 'doI', 'hear', 'that', 'you', 'like', 'the', 'bad', 'girl', ',', 'honey', ',', 'be', 'that', 'true?it', 'be', 'well', 'than', 'I', 'ever', 'even', 'knewthey', 'say', 'that', 'the', 'world', 'be', 'build', 'for', 'twoonly', 'worth', 'live', 'if', 'somebody', 'be', 'love', 'youAnd', 'baby', ',', 'now', 'you', 'dommmsingin', ""'"", 'in', 'the', 'old', 'bar', ',', 'swinge', 'with', 'the', 'old', 'starslivin', ""'"", 'for', 'the', 'fameKissin', ""'"", 'in', 'the', 'blue', 'dark', ',', 'play', 'pool', 'and', 'wild', 'dartsVideo', 'gamesHe', 'hold', 'I', 'in', 'his', 'big', 'arm', ',', 'drunk', ',', 'and', 'I', 'be', 'see', 'starsthis', 'be', 'all', 'I', 'think', 'ofwatchin', ""'"", 'all', 'our', 'friend', 'fall', 'in', 'and', 'out', 'of', 'Old', 'Paul', ""'s"", ',', 'this', 'be', 'my', 'idea', 'of', 'funPlayin', ""'"", 'video', 'game']","['PROPN', 'PROPN', 'PUNCT', 'PROPN', 'PROPN', 'SPACE', 'PROPN', 'PUNCT', 'ADP', 'DET', 'NOUN', 'PUNCT', 'VERB', 'ADP', 'ADP', 'PRON', 'ADJ', 'NOUN', 'PUNCT', 'PRON', 'NOUN', 'ADP', 'DET', 'NOUN', 'CCONJ', 'PRON', 'VERB', 'PUNCT', 'PUNCT', 'VERB', 'ADP', 'CCONJ', 'VERB', 'DET', 'NOUN', 'NOUN', 'ADP', 'PRON', 'ADJ', 'NOUN', 'PUNCT', 'VERB', 'PRON', 'VERB', 'ADJ', 'SCONJ', 'NOUN', 'PROPN', 'VERB', 'PUNCT', 'PUNCT', 'PRON', 'DET', 'ADJ', 'PUNCT', 'PUNCT', 'ADJ', 'ADV', 'ADP', 'DET', 'ADJ', 'NOUN', 'PUNCT', 'VERB', 'PRON', 'ADJ', 'NOUN', 'PUNCT', 'VERB', 'PRON', 'NOUN', 'PROPN', 'PART', 'PRON', 'PUNCT', 'PRON', 'AUX', 'PRON', 'PUNCT', 'PRON', 'AUX', 'PRON', 'ADP', 'PRON', 'PUNCT', 'PRON', 'PRON', 'VERB', 'VERB', 'PRON', 'DET', 'DET', 'NOUN', 'PUNCT', 'PROPN', 'AUX', 'DET', 'NOUN', 'ADP', 'PROPN', 'ADP', 'PUNCT', 'PRON', 'DET', 'DET', 'NOUN', 'PRON', 'VERB', 'PROPN', 'VERB', 'SCONJ', 'PRON', 'VERB', 'DET', 'ADJ', 'NOUN', 'PUNCT', 'NOUN', 'PUNCT', 'AUX', 'PRON', 'NOUN', 'AUX', 'ADJ', 'ADP', 'PRON', 'ADV', 'ADV', 'PRON', 'VERB', 'SCONJ', 'DET', 'NOUN', 'AUX', 'VERB', 'ADP', 'ADV', 'ADJ', 'VERB', 'SCONJ', 'PRON', 'AUX', 'VERB', 'PROPN', 'NOUN', 'PUNCT', 'ADV', 'PRON', 'VERB', 'PUNCT', 'ADP', 'DET', 'ADJ', 'NOUN', 'PUNCT', 'VERB', 'ADP', 'DET', 'ADJ', 'NOUN', 'PUNCT', 'ADP', 'DET', 'NOUN', 'PUNCT', 'ADP', 'DET', 'ADJ', 'NOUN', 'PUNCT', 'VERB', 'NOUN', 'CCONJ', 'ADJ', 'PROPN', 'PROPN', 'VERB', 'PRON', 'ADP', 'PRON', 'ADJ', 'NOUN', 'PUNCT', 'ADJ', 'PUNCT', 'CCONJ', 'PRON', 'AUX', 'VERB', 'PRON', 'AUX', 'PRON', 'PRON', 'VERB', 'ADP', 'PUNCT', 'DET', 'PRON', 'NOUN', 'VERB', 'ADP', 'CCONJ', 'ADP', 'ADP', 'PROPN', 'PROPN', 'PART', 'PUNCT', 'PRON', 'AUX', 'PRON', 'NOUN', 'ADP', 'PROPN', 'PART', 'NOUN', 'NOUN']","Song Title: Video Games 

Swingin' in the backyard, pull up in your fast carWhistlin' my nameOpen up a beer and you say, ""Get over hereAnd play a video game""I'm in his favorite sundress, watching me get undressedTake that body downtownI say, ""You the bestest,"" lean in for a big kiss, put his favorite perfume on""Go play your video game""It's you, it's you, it's all for you, everything I doI tell you all the time, Heaven is a place on Earth with youTell me all the things you wanna doI heard that you like the bad girls, honey, is that true?It's better than I ever even knewThey say that the world was built for twoOnly worth living if somebody is loving youAnd baby, now you doMmmSingin' in the old bars, swinging with the old starsLivin' for the fameKissin' in the blue dark, playing pool and wild dartsVideo gamesHe holds me in his big arms, drunk, and I am seeing starsThis is all I think ofWatchin' all our friends fall in and out of Old Paul's, this is my idea of funPlayin' video games"
Lust for Life Lyrics | Genius Lyrics.txt,Lust for Life,"['Song', 'Title', ':', 'Lust', 'for', 'Life', '\n\n', 'OhClimb', 'up', 'the', 'H', 'of', 'the', 'Hollywood', 'sign', 'In', 'these', 'stolen', 'moments', ',', 'the', 'world', 'is', 'mineThere', ""'s"", 'nobody', 'here', ',', 'just', 'us', 'togetherKeepin', ""'"", 'me', 'hot', 'like', 'July', ""forever'Cause"", 'we', ""'re"", 'the', 'masters', 'of', 'our', 'own', ""fateWe're"", 'the', 'captains', 'of', 'our', 'own', 'soulsThere', ""'s"", 'no', 'way', 'for', 'us', 'to', 'come', ""late'Cause"", ',', 'boy', ',', 'we', ""'re"", 'gold', ',', 'boy', ',', 'we', ""'re"", 'goldAnd', 'I', 'was', 'likeTake', 'off', ',', 'take', 'off', ',', 'take', 'off', 'all', 'your', 'clothesTake', 'off', ',', 'take', 'off', ',', 'take', 'off', 'all', 'your', 'clothesTake', 'off', ',', 'take', 'off', ',', 'take', 'off', 'all', 'of', 'your', 'clothesThey', 'say', 'only', 'the', 'good', 'die', 'youngThat', 'just', 'ai', ""n't"", ""right'Cause"", 'we', ""'re"", 'having', 'too', 'much', 'funToo', 'much', 'fun', 'tonight', ',', 'yeahAnd', 'a', 'lust', 'for', 'life', 'And', 'a', 'lust', 'for', 'life', 'Keeps', 'us', 'alive', 'Keeps', 'us', 'alive', 'And', 'a', 'lust', 'for', 'life', 'And', 'a', 'lust', 'for', 'life', 'Keeps', 'us', 'alive', 'Keeps', 'us', 'alive']","['Song', 'Title', ':', 'lust', 'for', 'Life', '\n\n', 'OhClimb', 'up', 'the', 'H', 'of', 'the', 'Hollywood', 'sign', 'in', 'these', 'steal', 'moment', ',', 'the', 'world', 'be', 'minethere', ""'"", 'nobody', 'here', ',', 'just', 'we', 'togetherkeepin', ""'"", 'I', 'hot', 'like', 'July', ""forever'cause"", 'we', 'be', 'the', 'master', 'of', 'our', 'own', ""fatewe're"", 'the', 'captain', 'of', 'our', 'own', 'soulsthere', 'be', 'no', 'way', 'for', 'we', 'to', 'come', ""late'cause"", ',', 'boy', ',', 'we', 'be', 'gold', ',', 'boy', ',', 'we', 'be', 'goldAnd', 'I', 'be', 'liketake', 'off', ',', 'take', 'off', ',', 'take', 'off', 'all', 'your', 'clothestake', 'off', ',', 'take', 'off', ',', 'take', 'off', 'all', 'your', 'clothestake', 'off', ',', 'take', 'off', ',', 'take', 'off', 'all', 'of', 'your', 'clothesthey', 'say', 'only', 'the', 'good', 'die', 'youngthat', 'just', 'be', 'not', ""right'cause"", 'we', 'be', 'have', 'too', 'much', 'funtoo', 'much', 'fun', 'tonight', ',', 'yeahand', 'a', 'lust', 'for', 'life', 'and', 'a', 'lust', 'for', 'life', 'keep', 'we', 'alive', 'keep', 'we', 'alive', 'and', 'a', 'lust', 'for', 'life', 'and', 'a', 'lust', 'for', 'life', 'keep', 'we', 'alive', 'keep', 'we', 'alive']","['PROPN', 'PROPN', 'PUNCT', 'NOUN', 'ADP', 'PROPN', 'SPACE', 'PROPN', 'ADP', 'DET', 'PROPN', 'ADP', 'DET', 'PROPN', 'NOUN', 'ADP', 'DET', 'VERB', 'NOUN', 'PUNCT', 'DET', 'NOUN', 'AUX', 'PRON', 'VERB', 'PRON', 'ADV', 'PUNCT', 'ADV', 'PRON', 'VERB', 'PART', 'PRON', 'ADJ', 'ADP', 'PROPN', 'CCONJ', 'PRON', 'AUX', 'DET', 'NOUN', 'ADP', 'PRON', 'ADJ', 'NOUN', 'DET', 'NOUN', 'ADP', 'PRON', 'ADJ', 'NOUN', 'AUX', 'DET', 'NOUN', 'SCONJ', 'PRON', 'PART', 'VERB', 'ADP', 'PUNCT', 'NOUN', 'PUNCT', 'PRON', 'AUX', 'NOUN', 'PUNCT', 'INTJ', 'PUNCT', 'PRON', 'AUX', 'PROPN', 'PRON', 'AUX', 'ADJ', 'ADP', 'PUNCT', 'VERB', 'ADP', 'PUNCT', 'VERB', 'ADP', 'DET', 'PRON', 'NOUN', 'ADV', 'PUNCT', 'VERB', 'ADP', 'PUNCT', 'VERB', 'ADP', 'DET', 'PRON', 'NOUN', 'ADV', 'PUNCT', 'VERB', 'ADP', 'PUNCT', 'VERB', 'ADP', 'PRON', 'ADP', 'PRON', 'PRON', 'VERB', 'ADV', 'DET', 'ADJ', 'NOUN', 'PRON', 'ADV', 'VERB', 'PART', 'NOUN', 'PRON', 'AUX', 'VERB', 'ADV', 'ADJ', 'ADP', 'ADJ', 'NOUN', 'NOUN', 'PUNCT', 'CCONJ', 'DET', 'NOUN', 'ADP', 'NOUN', 'CCONJ', 'DET', 'NOUN', 'ADP', 'NOUN', 'VERB', 'PRON', 'ADJ', 'VERB', 'PRON', 'ADJ', 'CCONJ', 'DET', 'NOUN', 'ADP', 'NOUN', 'CCONJ', 'DET', 'NOUN', 'ADP', 'NOUN', 'VERB', 'PRON', 'ADJ', 'VERB', 'PRON', 'ADJ']","Song Title: Lust for Life

OhClimb up the H of the Hollywood sign In these stolen moments, the world is mineThere's nobody here, just us togetherKeepin' me hot like July forever'Cause we're the masters of our own fateWe're the captains of our own soulsThere's no way for us to come late'Cause, boy, we're gold, boy, we're goldAnd I was likeTake off, take off, take off all your clothesTake off, take off, take off all your clothesTake off, take off, take off all of your clothesThey say only the good die youngThat just ain't right'Cause we're having too much funToo much fun tonight, yeahAnd a lust for life And a lust for life Keeps us alive Keeps us alive And a lust for life And a lust for life Keeps us alive Keeps us alive "
Mariners Apartment Complex Lyrics | Genius Lyrics.txt,Mariners Apartment Complex,"['Song', 'Title', ':', 'Mariners', 'Apartment', 'Complex', '\n', 'You', 'took', 'my', 'sadness', 'out', 'of', 'contextAt', 'the', 'Mariners', 'Apartment', 'ComplexI', 'ai', ""n't"", 'no', 'candle', 'in', 'the', ""windI'm"", 'the', 'board', ',', 'the', 'lightning', ',', 'the', 'thunderKind', 'of', 'girl', 'who', ""'s"", 'gon', 'na', 'make', 'you', 'wonderWho', 'you', 'are', 'and', 'who', 'you', ""'ve"", 'beenAnd', 'who', 'I', ""'ve"", 'been', 'is', 'with', 'you', 'on', 'these', 'beachesYour', 'Venice', 'bitch', ',', 'your', 'die', '-', 'hard', ',', 'your', 'weaknessMaybe', 'I', 'could', 'save', 'you', 'from', 'your', 'sinsSo', 'kiss', 'the', 'sky', 'and', 'whisper', 'to', 'JesusMy', ',', 'my', ',', 'my', ',', 'you', 'found', 'this', ',', 'you', 'need', 'thisTake', 'a', 'deep', 'breath', ',', 'baby', ',', 'let', 'me', 'inYou', 'lose', 'your', 'way', ',', 'just', 'take', 'my', ""handYou're"", 'lost', 'at', 'sea', ',', 'then', 'I', ""'ll"", 'command', 'your', 'boat', 'to', 'me', ""againDon't"", 'look', 'too', 'far', ',', 'right', 'where', 'you', 'are', ',', 'that', ""'s"", 'where', 'I', ""amI'm"", 'your', ""manI'm"", 'your', 'manThey', 'mistook', 'my', 'kindness', 'for', 'weaknessI', 'fucked', 'up', ',', 'I', 'know', 'that', ',', 'but', ""JesusCan't"", 'a', 'girl', 'just', 'do', 'the', 'best', 'she', 'can?Catch', 'a', 'wave', 'and', 'take', 'in', 'the', 'sweetnessThink', 'about', 'it', ',', 'the', 'darkness', ',', 'the', 'deepnessAll', 'the', 'things', 'that', 'make', 'me', 'who', 'I', 'am']","['Song', 'Title', ':', 'Mariners', 'Apartment', 'Complex', '\n', 'you', 'take', 'my', 'sadness', 'out', 'of', 'contextat', 'the', 'Mariners', 'Apartment', 'ComplexI', 'be', 'not', 'no', 'candle', 'in', 'the', ""windI'm"", 'the', 'board', ',', 'the', 'lightning', ',', 'the', 'thunderkind', 'of', 'girl', 'who', 'be', 'go', 'to', 'make', 'you', 'wonderwho', 'you', 'be', 'and', 'who', 'you', 'have', 'beenand', 'who', 'I', 'have', 'be', 'be', 'with', 'you', 'on', 'these', 'beachesyour', 'Venice', 'bitch', ',', 'your', 'die', '-', 'hard', ',', 'your', 'weaknessmaybe', 'I', 'could', 'save', 'you', 'from', 'your', 'sinsSo', 'kiss', 'the', 'sky', 'and', 'whisper', 'to', 'JesusMy', ',', 'my', ',', 'my', ',', 'you', 'find', 'this', ',', 'you', 'need', 'thistake', 'a', 'deep', 'breath', ',', 'baby', ',', 'let', 'I', 'inyou', 'lose', 'your', 'way', ',', 'just', 'take', 'my', ""handyou're"", 'lose', 'at', 'sea', ',', 'then', 'I', 'will', 'command', 'your', 'boat', 'to', 'I', ""againdon't"", 'look', 'too', 'far', ',', 'right', 'where', 'you', 'be', ',', 'that', 'be', 'where', 'I', ""ami'm"", 'your', ""mani'm"", 'your', 'manthey', 'mistake', 'my', 'kindness', 'for', 'weaknessI', 'fuck', 'up', ',', 'I', 'know', 'that', ',', 'but', ""jesuscan't"", 'a', 'girl', 'just', 'do', 'the', 'good', 'she', 'can?Catch', 'a', 'wave', 'and', 'take', 'in', 'the', 'sweetnessthink', 'about', 'it', ',', 'the', 'darkness', ',', 'the', 'deepnessall', 'the', 'thing', 'that', 'make', 'I', 'who', 'I', 'be']","['PROPN', 'PROPN', 'PUNCT', 'PROPN', 'PROPN', 'PROPN', 'SPACE', 'PRON', 'VERB', 'PRON', 'NOUN', 'ADP', 'ADP', 'PRON', 'DET', 'PROPN', 'PROPN', 'PROPN', 'VERB', 'PART', 'DET', 'NOUN', 'ADP', 'DET', 'PROPN', 'DET', 'NOUN', 'PUNCT', 'DET', 'NOUN', 'PUNCT', 'DET', 'NOUN', 'ADP', 'NOUN', 'PRON', 'AUX', 'VERB', 'PART', 'VERB', 'PRON', 'INTJ', 'PRON', 'AUX', 'CCONJ', 'PRON', 'PRON', 'AUX', 'X', 'PRON', 'PRON', 'AUX', 'AUX', 'AUX', 'ADP', 'PRON', 'ADP', 'DET', 'PRON', 'PROPN', 'NOUN', 'PUNCT', 'PRON', 'NOUN', 'PUNCT', 'ADV', 'PUNCT', 'PRON', 'NOUN', 'PRON', 'AUX', 'VERB', 'PRON', 'ADP', 'PRON', 'PROPN', 'VERB', 'DET', 'NOUN', 'CCONJ', 'NOUN', 'ADP', 'PROPN', 'PUNCT', 'PRON', 'PUNCT', 'INTJ', 'PUNCT', 'PRON', 'VERB', 'PRON', 'PUNCT', 'PRON', 'VERB', 'PRON', 'DET', 'ADJ', 'NOUN', 'PUNCT', 'NOUN', 'PUNCT', 'VERB', 'PRON', 'VERB', 'VERB', 'PRON', 'NOUN', 'PUNCT', 'ADV', 'VERB', 'PRON', 'NOUN', 'VERB', 'ADP', 'NOUN', 'PUNCT', 'ADV', 'PRON', 'AUX', 'VERB', 'PRON', 'NOUN', 'ADP', 'PRON', 'INTJ', 'VERB', 'ADV', 'ADV', 'PUNCT', 'ADV', 'SCONJ', 'PRON', 'AUX', 'PUNCT', 'PRON', 'AUX', 'SCONJ', 'PRON', 'VERB', 'PRON', 'NOUN', 'PRON', 'NOUN', 'VERB', 'PRON', 'NOUN', 'ADP', 'PROPN', 'VERB', 'ADP', 'PUNCT', 'PRON', 'VERB', 'SCONJ', 'PUNCT', 'CCONJ', 'DET', 'DET', 'NOUN', 'ADV', 'VERB', 'DET', 'ADJ', 'PRON', 'VERB', 'DET', 'NOUN', 'CCONJ', 'VERB', 'ADP', 'DET', 'NOUN', 'ADP', 'PRON', 'PUNCT', 'DET', 'NOUN', 'PUNCT', 'DET', 'NOUN', 'DET', 'NOUN', 'PRON', 'VERB', 'PRON', 'PRON', 'PRON', 'AUX']","Song Title: Mariners Apartment Complex
You took my sadness out of contextAt the Mariners Apartment ComplexI ain't no candle in the windI'm the board, the lightning, the thunderKind of girl who's gonna make you wonderWho you are and who you've beenAnd who I've been is with you on these beachesYour Venice bitch, your die-hard, your weaknessMaybe I could save you from your sinsSo kiss the sky and whisper to JesusMy, my, my, you found this, you need thisTake a deep breath, baby, let me inYou lose your way, just take my handYou're lost at sea, then I'll command your boat to me againDon't look too far, right where you are, that's where I amI'm your manI'm your manThey mistook my kindness for weaknessI fucked up, I know that, but JesusCan't a girl just do the best she can?Catch a wave and take in the sweetnessThink about it, the darkness, the deepnessAll the things that make me who I am"
High By The Beach Lyrics | Genius Lyrics.txt,High By The Beach,"['Song', 'Title', ':', 'High', 'By', 'The', 'Beach', '\n\n', 'High', ',', 'highHigh', ',', 'highBoy', ',', 'look', 'at', 'you', 'lookin', ""'"", 'at', 'meI', 'know', 'you', 'know', 'how', 'I', 'feelLovin', ""'"", 'you', 'is', 'hard', ',', 'bein', ""'"", 'here', ""'s"", 'harderYou', 'take', 'the', 'wheelI', 'do', ""n't"", 'wanna', 'do', 'this', 'anymoreIt', ""'s"", 'so', 'surrealI', 'ca', ""n't"", 'surviveIf', 'this', 'is', 'all', 'that', ""'s"", 'realAll', 'I', 'wanna', 'do', 'is', 'get', 'high', 'by', 'the', 'beachGet', 'high', 'by', 'the', 'beach', ',', 'get', 'highAll', 'I', 'wanna', 'do', 'is', 'get', 'by', 'by', 'the', 'beachGet', 'by', ',', 'baby', ',', 'baby', ',', 'bye', '-', 'byeThe', 'truth', 'is', 'I', 'never', 'bought', 'into', 'your', 'bullshitWhen', 'you', 'would', 'pay', 'tribute', 'to', 'me', ""'cause"", 'I', 'know', 'thatAll', 'I', 'wanted', 'to', 'do', 'was', 'get', 'high', 'by', 'the', 'beachGet', 'high', ',', 'baby', ',', 'baby', ',', 'bye', '-', 'byeBoy', ',', 'look', 'at', 'you', 'lookin', ""'"", 'at', 'meI', 'know', 'you', 'do', ""n't"", 'understandYou', 'could', 'be', 'a', 'bad', 'motherfuckerBut', 'that', 'do', ""n't"", 'make', 'you', 'a', 'manNow', 'you', ""'re"", 'just', 'another', 'one', 'of', 'my', 'problemsBecause', 'you', 'got', 'out', 'of', 'handWe', 'wo', ""n't"", ""surviveWe're"", 'sinkin', ""'"", 'into', 'the', 'sand']","['Song', 'Title', ':', 'high', 'by', 'the', 'Beach', '\n\n', 'High', ',', 'highhigh', ',', 'highboy', ',', 'look', 'at', 'you', 'lookin', ""'"", 'at', 'meI', 'know', 'you', 'know', 'how', 'I', 'feelLovin', ""'"", 'you', 'be', 'hard', ',', 'bein', ""'"", 'here', 'be', 'harderYou', 'take', 'the', 'wheeli', 'do', 'not', 'wanna', 'do', 'this', 'anymoreit', ""'s"", 'so', 'surrealI', 'can', 'not', 'surviveif', 'this', 'be', 'all', 'that', 'be', 'realall', 'I', 'wanna', 'do', 'be', 'get', 'high', 'by', 'the', 'beachget', 'high', 'by', 'the', 'beach', ',', 'get', 'highall', 'I', 'wanna', 'do', 'be', 'get', 'by', 'by', 'the', 'beachGet', 'by', ',', 'baby', ',', 'baby', ',', 'bye', '-', 'byethe', 'truth', 'be', 'I', 'never', 'buy', 'into', 'your', 'bullshitwhen', 'you', 'would', 'pay', 'tribute', 'to', 'I', ""'cause"", 'I', 'know', 'thatall', 'I', 'want', 'to', 'do', 'be', 'get', 'high', 'by', 'the', 'beachGet', 'high', ',', 'baby', ',', 'baby', ',', 'bye', '-', 'byeboy', ',', 'look', 'at', 'you', 'lookin', ""'"", 'at', 'meI', 'know', 'you', 'do', 'not', 'understandyou', 'could', 'be', 'a', 'bad', 'motherfuckerbut', 'that', 'do', 'not', 'make', 'you', 'a', 'mannow', 'you', 'be', 'just', 'another', 'one', 'of', 'my', 'problemsbecause', 'you', 'get', 'out', 'of', 'handWe', 'will', 'not', ""survivewe're"", 'sinkin', ""'"", 'into', 'the', 'sand']","['PROPN', 'PROPN', 'PUNCT', 'ADJ', 'ADP', 'DET', 'PROPN', 'SPACE', 'PROPN', 'PUNCT', 'ADJ', 'PUNCT', 'NOUN', 'PUNCT', 'VERB', 'ADP', 'PRON', 'NOUN', 'PUNCT', 'ADP', 'PROPN', 'VERB', 'PRON', 'VERB', 'SCONJ', 'PRON', 'PROPN', 'PUNCT', 'PRON', 'AUX', 'ADJ', 'PUNCT', 'PROPN', 'PUNCT', 'ADV', 'AUX', 'PUNCT', 'VERB', 'DET', 'NOUN', 'AUX', 'PART', 'VERB', 'VERB', 'DET', 'NOUN', 'PART', 'ADV', 'PROPN', 'AUX', 'PART', 'VERB', 'PRON', 'AUX', 'PRON', 'PRON', 'AUX', 'ADJ', 'PRON', 'AUX', 'AUX', 'AUX', 'VERB', 'ADJ', 'ADP', 'DET', 'NOUN', 'ADJ', 'ADP', 'DET', 'NOUN', 'PUNCT', 'VERB', 'NOUN', 'PRON', 'AUX', 'AUX', 'AUX', 'VERB', 'ADP', 'ADP', 'DET', 'PROPN', 'ADP', 'PUNCT', 'PROPN', 'PUNCT', 'PROPN', 'PUNCT', 'PROPN', 'PUNCT', 'NOUN', 'NOUN', 'AUX', 'PRON', 'ADV', 'VERB', 'ADP', 'PRON', 'INTJ', 'PRON', 'AUX', 'VERB', 'NOUN', 'ADP', 'PRON', 'SCONJ', 'PRON', 'VERB', 'NOUN', 'PRON', 'VERB', 'PART', 'VERB', 'AUX', 'VERB', 'ADJ', 'ADP', 'DET', 'PROPN', 'ADJ', 'PUNCT', 'PROPN', 'PUNCT', 'NOUN', 'PUNCT', 'PROPN', 'NOUN', 'NOUN', 'PUNCT', 'VERB', 'ADP', 'PRON', 'NOUN', 'PUNCT', 'ADP', 'PROPN', 'VERB', 'PRON', 'AUX', 'PART', 'PRON', 'AUX', 'AUX', 'DET', 'ADJ', 'CCONJ', 'PRON', 'AUX', 'PART', 'VERB', 'PRON', 'DET', 'NOUN', 'PRON', 'AUX', 'ADV', 'DET', 'NUM', 'ADP', 'PRON', 'NOUN', 'PRON', 'VERB', 'ADP', 'ADP', 'PROPN', 'AUX', 'PART', 'VERB', 'NOUN', 'PUNCT', 'ADP', 'DET', 'NOUN']","Song Title: High By The Beach 

High, highHigh, highBoy, look at you lookin' at meI know you know how I feelLovin' you is hard, bein' here's harderYou take the wheelI don't wanna do this anymoreIt's so surrealI can't surviveIf this is all that's realAll I wanna do is get high by the beachGet high by the beach, get highAll I wanna do is get by by the beachGet by, baby, baby, bye-byeThe truth is I never bought into your bullshitWhen you would pay tribute to me 'cause I know thatAll I wanted to do was get high by the beachGet high, baby, baby, bye-byeBoy, look at you lookin' at meI know you don't understandYou could be a bad motherfuckerBut that don't make you a manNow you're just another one of my problemsBecause you got out of handWe won't surviveWe're sinkin' into the sand"
Cinnamon Girl Lyrics | Genius Lyrics.txt,Cinnamon Girl,"['Song', 'Title', ':', 'Cinnamon', 'Girl', 'Lyrics', '\n\n', 'Cinnamon', 'in', 'my', 'teethFrom', 'your', 'kiss', ',', 'you', ""'re"", 'touching', 'meAll', 'the', 'pills', 'that', 'you', 'takeViolet', ',', 'blue', ',', 'green', ',', 'red', 'to', 'keep', 'me', 'at', 'arm', ""'s"", 'length', 'do', ""n't"", 'workYou', 'try', 'to', 'push', 'me', 'out', ',', 'but', 'I', 'just', 'find', 'my', 'way', 'back', 'inViolet', ',', 'blue', ',', 'green', ',', 'red', 'to', 'keep', 'me', 'out', ',', 'I', 'winThere', ""'s"", 'things', 'I', 'wanna', 'say', 'to', 'youBut', 'I', ""'ll"", 'just', 'let', 'you', 'liveLike', 'if', 'you', 'hold', 'me', 'without', 'hurting', ""meYou'll"", 'be', 'the', 'first', 'who', 'ever', 'didThere', ""'s"", 'things', 'I', 'wanna', 'talk', 'aboutBut', 'better', 'not', 'to', 'giveBut', 'if', 'you', 'hold', 'me', 'without', 'hurting', ""meYou'll"", 'be', 'the', 'first', 'who', 'ever', 'didAh', ',', 'ah', ',', 'ah', ',', 'ah', ',', 'ah', ',', 'ahHold', 'me', ',', 'love', 'me', ',', 'touch', 'me', ',', 'honeyBe', 'the', 'first', 'who', 'ever', 'didAh', ',', 'ah', ',', 'ah', ',', 'ah', ',', 'ah', ',', 'ahHold', 'me', ',', 'love', 'me', ',', 'touch', 'me', ',', 'honeyBe', 'the', 'first', 'who', 'ever', 'did']","['Song', 'Title', ':', 'Cinnamon', 'Girl', 'Lyrics', '\n\n', 'Cinnamon', 'in', 'my', 'teethfrom', 'your', 'kiss', ',', 'you', 'be', 'touch', 'meall', 'the', 'pill', 'that', 'you', 'takeviolet', ',', 'blue', ',', 'green', ',', 'red', 'to', 'keep', 'I', 'at', 'arm', ""'s"", 'length', 'do', 'not', 'workyou', 'try', 'to', 'push', 'I', 'out', ',', 'but', 'I', 'just', 'find', 'my', 'way', 'back', 'inviolet', ',', 'blue', ',', 'green', ',', 'red', 'to', 'keep', 'I', 'out', ',', 'I', 'winThere', ""'s"", 'thing', 'I', 'wanna', 'say', 'to', 'youbut', 'I', 'will', 'just', 'let', 'you', 'livelike', 'if', 'you', 'hold', 'I', 'without', 'hurt', ""meYou'll"", 'be', 'the', 'first', 'who', 'ever', 'didThere', ""'s"", 'thing', 'I', 'wanna', 'talk', 'aboutbut', 'well', 'not', 'to', 'givebut', 'if', 'you', 'hold', 'I', 'without', 'hurt', ""meYou'll"", 'be', 'the', 'first', 'who', 'ever', 'didah', ',', 'ah', ',', 'ah', ',', 'ah', ',', 'ah', ',', 'ahhold', 'I', ',', 'love', 'I', ',', 'touch', 'I', ',', 'honeybe', 'the', 'first', 'who', 'ever', 'didah', ',', 'ah', ',', 'ah', ',', 'ah', ',', 'ah', ',', 'ahhold', 'I', ',', 'love', 'I', ',', 'touch', 'I', ',', 'honeybe', 'the', 'first', 'who', 'ever', 'do']","['PROPN', 'PROPN', 'PUNCT', 'PROPN', 'PROPN', 'PROPN', 'SPACE', 'PROPN', 'ADP', 'PRON', 'NOUN', 'PRON', 'NOUN', 'PUNCT', 'PRON', 'AUX', 'VERB', 'NOUN', 'DET', 'NOUN', 'PRON', 'PRON', 'VERB', 'PUNCT', 'ADJ', 'PUNCT', 'ADJ', 'PUNCT', 'ADJ', 'PART', 'VERB', 'PRON', 'ADP', 'NOUN', 'PART', 'NOUN', 'AUX', 'PART', 'PRON', 'VERB', 'PART', 'VERB', 'PRON', 'ADP', 'PUNCT', 'CCONJ', 'PRON', 'ADV', 'VERB', 'PRON', 'NOUN', 'ADV', 'ADJ', 'PUNCT', 'ADJ', 'PUNCT', 'ADJ', 'PUNCT', 'ADJ', 'PART', 'VERB', 'PRON', 'ADP', 'PUNCT', 'PRON', 'VERB', 'PART', 'NOUN', 'PRON', 'VERB', 'VERB', 'ADP', 'INTJ', 'PRON', 'AUX', 'ADV', 'VERB', 'PRON', 'INTJ', 'SCONJ', 'PRON', 'VERB', 'PRON', 'ADP', 'VERB', 'PROPN', 'AUX', 'DET', 'ADJ', 'PRON', 'ADV', 'PROPN', 'PART', 'NOUN', 'PRON', 'VERB', 'VERB', 'CCONJ', 'ADV', 'PART', 'PART', 'NUM', 'SCONJ', 'PRON', 'VERB', 'PRON', 'ADP', 'VERB', 'PROPN', 'AUX', 'DET', 'ADJ', 'PRON', 'ADV', 'VERB', 'PUNCT', 'INTJ', 'PUNCT', 'INTJ', 'PUNCT', 'INTJ', 'PUNCT', 'INTJ', 'PUNCT', 'VERB', 'PRON', 'PUNCT', 'VERB', 'PRON', 'PUNCT', 'VERB', 'PRON', 'PUNCT', 'ADP', 'DET', 'ADJ', 'PRON', 'ADV', 'VERB', 'PUNCT', 'INTJ', 'PUNCT', 'INTJ', 'PUNCT', 'INTJ', 'PUNCT', 'INTJ', 'PUNCT', 'VERB', 'PRON', 'PUNCT', 'VERB', 'PRON', 'PUNCT', 'VERB', 'PRON', 'PUNCT', 'ADP', 'DET', 'ADJ', 'PRON', 'ADV', 'VERB']","Song Title: Cinnamon Girl Lyrics 

Cinnamon in my teethFrom your kiss, you're touching meAll the pills that you takeViolet, blue, green, red to keep me at arm's length don't workYou try to push me out, but I just find my way back inViolet, blue, green, red to keep me out, I winThere's things I wanna say to youBut I'll just let you liveLike if you hold me without hurting meYou'll be the first who ever didThere's things I wanna talk aboutBut better not to giveBut if you hold me without hurting meYou'll be the first who ever didAh, ah, ah, ah, ah, ahHold me, love me, touch me, honeyBe the first who ever didAh, ah, ah, ah, ah, ahHold me, love me, touch me, honeyBe the first who ever did"
Born to Die Lyrics | Genius Lyrics.txt,Born to Die,"['Song', 'Title', ':', 'Born', 'to', 'Die', '\n\n', 'Why', '?', 'Who', '?', 'Me', '?', 'Why', '?', 'Feet', 'do', ""n't"", 'fail', 'me', 'now', ',', 'take', 'me', 'to', 'the', 'finish', 'lineOh', ',', 'my', 'heart', ',', 'it', 'breaks', 'every', 'step', 'that', 'I', 'takeBut', 'I', ""'m"", 'hoping', 'that', 'the', 'gates', ',', 'they', ""'ll"", 'tell', 'me', 'that', 'you', ""'re"", 'mineWalking', 'through', 'the', 'city', 'streets', ',', 'is', 'it', 'by', 'mistake', 'or', 'design?I', 'feel', 'so', 'alone', 'on', 'a', 'Friday', 'nightCan', 'you', 'make', 'it', 'feel', 'like', 'home', 'if', 'I', 'tell', 'you', 'you', ""'re"", 'mine?It', ""'s"", 'like', 'I', 'told', 'you', ',', 'honey', 'Do', ""n't"", 'make', 'me', 'sad', ',', 'do', ""n't"", 'make', 'me', 'crySometimes', ',', 'love', 'is', 'not', 'enoughAnd', 'the', 'road', 'gets', 'tough', ',', 'I', 'do', ""n't"", 'know', 'whyKeep', 'makin', ""'"", 'me', 'laugh', ',', 'let', ""'s"", 'go', 'get', 'highThe', 'road', 'is', 'long', ',', 'we', 'carry', 'onTry', 'to', 'have', 'fun', 'in', 'the', 'meantimeCome', 'and', 'take', 'a', 'walk', 'on', 'the', 'wild', 'sideLet', 'me', 'kiss', 'you', 'hard', 'in', 'the', 'pouring', 'rainYou', 'like', 'your', 'girls', 'insane', 'Choose', 'your', 'last', 'words', ',', 'this', 'is', 'the', 'last', ""time'Cause"", 'you', 'and', 'I', ',', 'we', 'were', 'born', 'to', 'die']","['Song', 'Title', ':', 'bear', 'to', 'die', '\n\n', 'why', '?', 'who', '?', 'I', '?', 'why', '?', 'foot', 'do', 'not', 'fail', 'I', 'now', ',', 'take', 'I', 'to', 'the', 'finish', 'lineOh', ',', 'my', 'heart', ',', 'it', 'break', 'every', 'step', 'that', 'I', 'takebut', 'I', 'be', 'hope', 'that', 'the', 'gate', ',', 'they', 'will', 'tell', 'I', 'that', 'you', 'be', 'minewalke', 'through', 'the', 'city', 'street', ',', 'be', 'it', 'by', 'mistake', 'or', 'design?i', 'feel', 'so', 'alone', 'on', 'a', 'Friday', 'nightcan', 'you', 'make', 'it', 'feel', 'like', 'home', 'if', 'I', 'tell', 'you', 'you', 'be', 'mine?it', ""'s"", 'like', 'I', 'tell', 'you', ',', 'honey', 'do', 'not', 'make', 'I', 'sad', ',', 'do', 'not', 'make', 'I', 'crySometimes', ',', 'love', 'be', 'not', 'enoughand', 'the', 'road', 'get', 'tough', ',', 'I', 'do', 'not', 'know', 'whyKeep', 'makin', ""'"", 'I', 'laugh', ',', 'let', 'us', 'go', 'get', 'highthe', 'road', 'be', 'long', ',', 'we', 'carry', 'ontry', 'to', 'have', 'fun', 'in', 'the', 'meantimecome', 'and', 'take', 'a', 'walk', 'on', 'the', 'wild', 'sideLet', 'I', 'kiss', 'you', 'hard', 'in', 'the', 'pouring', 'rainYou', 'like', 'your', 'girl', 'insane', 'choose', 'your', 'last', 'word', ',', 'this', 'be', 'the', 'last', ""time'cause"", 'you', 'and', 'I', ',', 'we', 'be', 'bear', 'to', 'die']","['PROPN', 'PROPN', 'PUNCT', 'VERB', 'PART', 'VERB', 'SPACE', 'SCONJ', 'PUNCT', 'PRON', 'PUNCT', 'PRON', 'PUNCT', 'SCONJ', 'PUNCT', 'NOUN', 'AUX', 'PART', 'VERB', 'PRON', 'ADV', 'PUNCT', 'VERB', 'PRON', 'ADP', 'DET', 'NOUN', 'PROPN', 'PUNCT', 'PRON', 'NOUN', 'PUNCT', 'PRON', 'VERB', 'DET', 'NOUN', 'PRON', 'PRON', 'CCONJ', 'PRON', 'AUX', 'VERB', 'SCONJ', 'DET', 'NOUN', 'PUNCT', 'PRON', 'AUX', 'VERB', 'PRON', 'SCONJ', 'PRON', 'AUX', 'VERB', 'ADP', 'DET', 'NOUN', 'NOUN', 'PUNCT', 'AUX', 'PRON', 'ADP', 'NOUN', 'CCONJ', 'NOUN', 'VERB', 'ADV', 'ADV', 'ADP', 'DET', 'PROPN', 'NOUN', 'PRON', 'VERB', 'PRON', 'VERB', 'ADP', 'NOUN', 'SCONJ', 'PRON', 'VERB', 'PRON', 'PRON', 'AUX', 'NOUN', 'PART', 'SCONJ', 'PRON', 'VERB', 'PRON', 'PUNCT', 'NOUN', 'AUX', 'PART', 'VERB', 'PRON', 'ADJ', 'PUNCT', 'AUX', 'PART', 'VERB', 'PRON', 'PROPN', 'PUNCT', 'NOUN', 'AUX', 'PART', 'CCONJ', 'DET', 'NOUN', 'VERB', 'ADJ', 'PUNCT', 'PRON', 'AUX', 'PART', 'VERB', 'PROPN', 'NOUN', 'PUNCT', 'PRON', 'NOUN', 'PUNCT', 'VERB', 'PRON', 'VERB', 'VERB', 'DET', 'NOUN', 'AUX', 'ADJ', 'PUNCT', 'PRON', 'VERB', 'VERB', 'PART', 'VERB', 'NOUN', 'ADP', 'DET', 'NOUN', 'CCONJ', 'VERB', 'DET', 'NOUN', 'ADP', 'DET', 'ADJ', 'PUNCT', 'PRON', 'VERB', 'PRON', 'ADV', 'ADP', 'DET', 'NOUN', 'PUNCT', 'ADP', 'PRON', 'NOUN', 'ADJ', 'VERB', 'PRON', 'ADJ', 'NOUN', 'PUNCT', 'PRON', 'AUX', 'DET', 'ADJ', 'ADP', 'PRON', 'CCONJ', 'PRON', 'PUNCT', 'PRON', 'AUX', 'VERB', 'PART', 'VERB']","Song Title: Born to Die 

Why? Who? Me? Why? Feet don't fail me now, take me to the finish lineOh, my heart, it breaks every step that I takeBut I'm hoping that the gates, they'll tell me that you're mineWalking through the city streets, is it by mistake or design?I feel so alone on a Friday nightCan you make it feel like home if I tell you you're mine?It's like I told you, honey Don't make me sad, don't make me crySometimes, love is not enoughAnd the road gets tough, I don't know whyKeep makin' me laugh, let's go get highThe road is long, we carry onTry to have fun in the meantimeCome and take a walk on the wild sideLet me kiss you hard in the pouring rainYou like your girls insane Choose your last words, this is the last time'Cause you and I, we were born to die"
Ultraviolence Lyrics | Genius Lyrics.txt,Ultraviolence,"['Song', 'Title', ':', 'Ultraviolence', 'Lyrics', '\n\n', 'He', 'used', 'to', 'call', 'me', 'DNThat', 'stood', 'for', 'Deadly', ""Nightshade'Cause"", 'I', 'was', 'filled', 'with', 'poisonBut', 'blessed', 'with', 'beauty', 'and', 'rageJim', 'told', 'me', 'that', ',', 'he', 'hit', 'me', 'and', 'it', 'felt', 'like', 'a', 'kissJim', 'brought', 'me', 'back', ',', 'reminded', 'me', 'of', 'when', 'we', 'were', 'kidsWith', 'his', 'ultraviolenceUltraviolenceUltraviolenceUltraviolenceI', 'can', 'hear', 'sirens', ',', 'sirensHe', 'hit', 'me', 'and', 'it', 'felt', 'like', 'a', 'kissI', 'can', 'hear', 'violins', ',', 'violinsGive', 'me', 'all', 'of', 'that', 'ultraviolenceHe', 'used', 'to', 'call', 'me', 'poisonLike', 'I', 'was', 'poison', 'ivyI', 'could', 'have', 'died', 'right', ""there'Cause"", 'he', 'was', 'right', 'beside', 'meJim', 'raised', 'me', 'up', ',', 'he', 'hurt', 'me', 'but', 'it', 'felt', 'like', 'true', 'loveJim', 'taught', 'me', 'that', ',', 'loving', 'him', 'was', 'never', 'enough']","['Song', 'Title', ':', 'Ultraviolence', 'lyric', '\n\n', 'he', 'use', 'to', 'call', 'I', 'DNThat', 'stand', 'for', 'Deadly', ""nightshade'cause"", 'I', 'be', 'fill', 'with', 'poisonbut', 'bless', 'with', 'beauty', 'and', 'rageJim', 'tell', 'I', 'that', ',', 'he', 'hit', 'I', 'and', 'it', 'feel', 'like', 'a', 'kissjim', 'bring', 'I', 'back', ',', 'remind', 'I', 'of', 'when', 'we', 'be', 'kidswith', 'his', 'ultraviolenceUltraviolenceUltraviolenceUltraviolenceI', 'can', 'hear', 'siren', ',', 'sirensHe', 'hit', 'I', 'and', 'it', 'feel', 'like', 'a', 'kissI', 'can', 'hear', 'violin', ',', 'violinsgive', 'I', 'all', 'of', 'that', 'ultraviolenceHe', 'use', 'to', 'call', 'I', 'poisonlike', 'I', 'be', 'poison', 'ivyi', 'could', 'have', 'die', 'right', ""there'cause"", 'he', 'be', 'right', 'beside', 'mejim', 'raise', 'I', 'up', ',', 'he', 'hurt', 'I', 'but', 'it', 'feel', 'like', 'true', 'loveJim', 'teach', 'I', 'that', ',', 'love', 'he', 'be', 'never', 'enough']","['PROPN', 'PROPN', 'PUNCT', 'PROPN', 'NOUN', 'SPACE', 'PRON', 'VERB', 'PART', 'VERB', 'PRON', 'PROPN', 'VERB', 'ADP', 'PROPN', 'NOUN', 'PRON', 'AUX', 'VERB', 'ADP', 'CCONJ', 'VERB', 'ADP', 'NOUN', 'CCONJ', 'PROPN', 'VERB', 'PRON', 'SCONJ', 'PUNCT', 'PRON', 'VERB', 'PRON', 'CCONJ', 'PRON', 'VERB', 'ADP', 'DET', 'NOUN', 'VERB', 'PRON', 'ADV', 'PUNCT', 'VERB', 'PRON', 'ADP', 'SCONJ', 'PRON', 'AUX', 'ADP', 'PRON', 'PROPN', 'AUX', 'VERB', 'NOUN', 'PUNCT', 'PROPN', 'VERB', 'PRON', 'CCONJ', 'PRON', 'VERB', 'SCONJ', 'DET', 'PROPN', 'AUX', 'VERB', 'NOUN', 'PUNCT', 'VERB', 'PRON', 'PRON', 'ADP', 'DET', 'PROPN', 'VERB', 'PART', 'VERB', 'PRON', 'INTJ', 'PRON', 'AUX', 'NOUN', 'ADV', 'AUX', 'AUX', 'VERB', 'ADV', 'INTJ', 'PRON', 'AUX', 'ADV', 'ADP', 'NOUN', 'VERB', 'PRON', 'ADP', 'PUNCT', 'PRON', 'VERB', 'PRON', 'CCONJ', 'PRON', 'VERB', 'ADP', 'ADJ', 'PROPN', 'VERB', 'PRON', 'SCONJ', 'PUNCT', 'VERB', 'PRON', 'AUX', 'ADV', 'ADJ']","Song Title: Ultraviolence Lyrics 

He used to call me DNThat stood for Deadly Nightshade'Cause I was filled with poisonBut blessed with beauty and rageJim told me that, he hit me and it felt like a kissJim brought me back, reminded me of when we were kidsWith his ultraviolenceUltraviolenceUltraviolenceUltraviolenceI can hear sirens, sirensHe hit me and it felt like a kissI can hear violins, violinsGive me all of that ultraviolenceHe used to call me poisonLike I was poison ivyI could have died right there'Cause he was right beside meJim raised me up, he hurt me but it felt like true loveJim taught me that, loving him was never enough"
Norman fucking Rockwell Lyrics | Genius Lyrics.txt,Norman fucking Rockwell,"['Song', 'Title', ':', 'Norman', 'fucking', 'Rockwell', 'Lyrics', '\n\n', 'Goddamn', ',', 'man', '-', 'childYou', 'fucked', 'me', 'so', 'good', 'that', 'I', 'almost', 'said', '""', 'I', 'love', 'you""You\'re', 'fun', 'and', 'you', '’re', 'wildBut', 'you', 'do', ""n't"", 'know', 'the', 'half', 'of', 'the', 'shit', 'that', 'you', 'put', 'me', 'throughYour', 'poetry', ""'s"", 'bad', 'and', 'you', 'blame', 'the', 'newsBut', 'I', 'ca', 'n’t', 'change', 'that', ',', 'and', 'I', 'ca', ""n't"", 'change', 'your', 'mood', ',', ""ah'Cause"", 'you', ""'re"", 'just', 'a', 'manIt', ""'s"", 'just', 'what', 'you', 'doYour', 'head', 'in', 'your', 'handsAs', 'you', 'color', 'me', 'blueYeah', ',', 'you', ""'re"", 'just', 'a', 'manAll', 'through', 'and', 'throughYour', 'head', 'in', 'your', 'handsAs', 'you', 'color', 'me', 'blueBlue', ',', 'blue', ',', 'blueGoddamn', ',', 'man', '-', 'childYou', 'act', 'like', 'a', 'kid', 'even', 'though', 'you', 'stand', 'six', 'foot', 'twoSelf', '-', 'loathing', 'poet', ',', 'resident', 'Laurel', 'Canyon', 'know', '-', 'it', '-', 'allYou', 'talk', 'to', 'the', 'walls', 'when', 'the', 'party', 'gets', 'bored', 'of', 'youBut', 'I', 'do', ""n't"", 'get', 'bored', ',', 'I', 'just', 'see', 'it', 'throughWhy', 'wait', 'for', 'the', 'best', 'when', 'I', 'could', 'have', 'you', '?', 'You', '?']","['Song', 'Title', ':', 'Norman', 'fucking', 'Rockwell', 'Lyrics', '\n\n', 'Goddamn', ',', 'man', '-', 'childYou', 'fuck', 'I', 'so', 'good', 'that', 'I', 'almost', 'say', '""', 'I', 'love', 'you""you\'re', 'fun', 'and', 'you', '’re', 'wildbut', 'you', 'do', 'not', 'know', 'the', 'half', 'of', 'the', 'shit', 'that', 'you', 'put', 'I', 'throughyour', 'poetry', ""'s"", 'bad', 'and', 'you', 'blame', 'the', 'newsbut', 'I', 'can', 'not', 'change', 'that', ',', 'and', 'I', 'can', 'not', 'change', 'your', 'mood', ',', ""ah'cause"", 'you', 'be', 'just', 'a', 'manit', 'be', 'just', 'what', 'you', 'doYour', 'head', 'in', 'your', 'handsas', 'you', 'color', 'I', 'blueyeah', ',', 'you', 'be', 'just', 'a', 'manall', 'through', 'and', 'throughyour', 'head', 'in', 'your', 'handsas', 'you', 'color', 'I', 'blueblue', ',', 'blue', ',', 'blueGoddamn', ',', 'man', '-', 'childyou', 'act', 'like', 'a', 'kid', 'even', 'though', 'you', 'stand', 'six', 'foot', 'twoself', '-', 'loathe', 'poet', ',', 'resident', 'Laurel', 'Canyon', 'know', '-', 'it', '-', 'allyou', 'talk', 'to', 'the', 'wall', 'when', 'the', 'party', 'get', 'bore', 'of', 'youBut', 'I', 'do', 'not', 'get', 'bored', ',', 'I', 'just', 'see', 'it', 'throughwhy', 'wait', 'for', 'the', 'good', 'when', 'I', 'could', 'have', 'you', '?', 'you', '?']","['PROPN', 'PROPN', 'PUNCT', 'PROPN', 'INTJ', 'PROPN', 'PROPN', 'SPACE', 'PROPN', 'PUNCT', 'NOUN', 'PUNCT', 'PROPN', 'VERB', 'PRON', 'ADV', 'ADJ', 'SCONJ', 'PRON', 'ADV', 'VERB', 'PUNCT', 'PRON', 'VERB', 'NOUN', 'NOUN', 'CCONJ', 'PRON', 'VERB', 'CCONJ', 'PRON', 'AUX', 'PART', 'VERB', 'DET', 'NOUN', 'ADP', 'DET', 'NOUN', 'PRON', 'PRON', 'VERB', 'PRON', 'ADJ', 'NOUN', 'PART', 'ADJ', 'CCONJ', 'PRON', 'VERB', 'DET', 'CCONJ', 'PRON', 'AUX', 'PART', 'VERB', 'PRON', 'PUNCT', 'CCONJ', 'PRON', 'AUX', 'PART', 'VERB', 'PRON', 'NOUN', 'PUNCT', 'ADP', 'PRON', 'AUX', 'ADV', 'DET', 'NOUN', 'AUX', 'ADV', 'PRON', 'PRON', 'PUNCT', 'VERB', 'ADP', 'PRON', 'NOUN', 'PRON', 'VERB', 'PRON', 'INTJ', 'PUNCT', 'PRON', 'AUX', 'ADV', 'DET', 'NOUN', 'ADV', 'CCONJ', 'ADJ', 'NOUN', 'ADP', 'PRON', 'NOUN', 'PRON', 'VERB', 'PRON', 'ADJ', 'PUNCT', 'ADJ', 'PUNCT', 'PROPN', 'PUNCT', 'NOUN', 'PUNCT', 'ADJ', 'NOUN', 'ADP', 'DET', 'NOUN', 'ADV', 'SCONJ', 'PRON', 'VERB', 'NUM', 'NOUN', 'PRON', 'PUNCT', 'VERB', 'NOUN', 'PUNCT', 'NOUN', 'PROPN', 'PROPN', 'VERB', 'PUNCT', 'PRON', 'PUNCT', 'NOUN', 'NOUN', 'ADP', 'DET', 'NOUN', 'SCONJ', 'DET', 'NOUN', 'VERB', 'VERB', 'ADP', 'PROPN', 'PRON', 'AUX', 'PART', 'VERB', 'ADJ', 'PUNCT', 'PRON', 'ADV', 'VERB', 'PRON', 'SCONJ', 'VERB', 'ADP', 'DET', 'ADJ', 'SCONJ', 'PRON', 'AUX', 'VERB', 'PRON', 'PUNCT', 'PRON', 'PUNCT']","Song Title: Norman fucking Rockwell Lyrics 

Goddamn, man-childYou fucked me so good that I almost said ""I love you""You're fun and you’re wildBut you don't know the half of the shit that you put me throughYour poetry's bad and you blame the newsBut I can’t change that, and I can't change your mood, ah'Cause you're just a manIt's just what you doYour head in your handsAs you color me blueYeah, you're just a manAll through and throughYour head in your handsAs you color me blueBlue, blue, blueGoddamn, man-childYou act like a kid even though you stand six foot twoSelf-loathing poet, resident Laurel Canyon know-it-allYou talk to the walls when the party gets bored of youBut I don't get bored, I just see it throughWhy wait for the best when I could have you? You?"
Off to the Races Lyrics | Genius Lyrics.txt,Off to the Races,"['Song', 'Title', ':', 'Off', 'to', 'the', 'Races', 'Lyrics', '\n\n', 'My', 'old', 'man', 'is', 'a', 'bad', 'manBut', 'I', 'ca', ""n't"", 'deny', ',', 'the', 'way', 'he', 'holds', 'my', 'handAnd', 'he', 'grabs', 'me', ',', 'he', 'has', 'me', 'by', 'my', 'heartHe', 'does', ""n't"", 'mind', 'I', 'have', 'a', 'Las', 'Vegas', 'pastHe', 'does', ""n't"", 'mind', 'I', 'have', 'a', 'L.A.', 'crass', 'way', 'about', 'meHe', 'loves', 'me', 'with', 'every', 'beat', 'of', 'his', 'cocaine', 'heartSwimmin', ""'"", 'pool', ',', 'glimmering', ""darlin'White"", 'bikini', 'off', 'with', 'my', 'red', 'nail', 'polishWatch', 'me', 'in', 'the', 'swimming', 'pool', ',', 'bright', 'blue', 'ripplesYou', 'sittin', ""'"", ',', 'sippin', ""'"", 'on', 'your', 'Black', 'Cristal', ',', 'yeahLight', 'of', 'my', 'life', ',', 'fire', 'of', 'my', 'loinsBe', 'a', 'good', 'baby', ',', 'do', 'what', 'I', 'wantLight', 'of', 'my', 'life', ',', 'fire', 'of', 'my', 'loinsGimme', 'them', 'gold', 'coins', ',', 'gimme', 'them', 'coinsAnd', 'I', ""'m"", 'off', 'to', 'the', 'racesCases', 'of', 'Bacardi', 'chasersChasin', ""'"", 'me', 'all', 'over', ""town'Cause"", 'he', 'knows', 'I', ""'m"", 'wastedFacin', ""'"", 'time', 'again', 'at', 'Rikers', 'IslandAnd', 'I', 'wo', ""n't"", 'get', 'outBecause', 'I', ""'m"", 'crazy', ',', 'babyI', 'need', 'you', 'to', 'come', 'here', 'and', 'save', ""meI'm"", 'your', 'little', 'scarlet', ',', 'starletSingin', ""'"", 'in', 'the', 'gardenKiss', 'me', 'on', 'my', 'open', 'mouthReady', 'for', 'you']","['Song', 'Title', ':', 'off', 'to', 'the', 'Races', 'Lyrics', '\n\n', 'my', 'old', 'man', 'be', 'a', 'bad', 'manbut', 'I', 'can', 'not', 'deny', ',', 'the', 'way', 'he', 'hold', 'my', 'handand', 'he', 'grab', 'I', ',', 'he', 'have', 'I', 'by', 'my', 'heartHe', 'do', 'not', 'mind', 'I', 'have', 'a', 'Las', 'Vegas', 'pastHe', 'do', 'not', 'mind', 'I', 'have', 'a', 'L.A.', 'crass', 'way', 'about', 'meHe', 'love', 'I', 'with', 'every', 'beat', 'of', 'his', 'cocaine', 'heartSwimmin', ""'"", 'pool', ',', 'glimmer', ""darlin'white"", 'bikini', 'off', 'with', 'my', 'red', 'nail', 'polishwatch', 'I', 'in', 'the', 'swimming', 'pool', ',', 'bright', 'blue', 'ripplesyou', 'sittin', ""'"", ',', 'sippin', ""'"", 'on', 'your', 'Black', 'Cristal', ',', 'yeahlight', 'of', 'my', 'life', ',', 'fire', 'of', 'my', 'loinsBe', 'a', 'good', 'baby', ',', 'do', 'what', 'I', 'wantlight', 'of', 'my', 'life', ',', 'fire', 'of', 'my', 'loinsGimme', 'they', 'gold', 'coin', ',', 'gimme', 'they', 'coinsand', 'I', 'be', 'off', 'to', 'the', 'racescase', 'of', 'Bacardi', 'chasersChasin', ""'"", 'I', 'all', 'over', ""town'Cause"", 'he', 'know', 'I', 'be', 'wastedFacin', ""'"", 'time', 'again', 'at', 'Rikers', 'IslandAnd', 'I', 'will', 'not', 'get', 'outBecause', 'I', 'be', 'crazy', ',', 'babyi', 'need', 'you', 'to', 'come', 'here', 'and', 'save', ""meI'm"", 'your', 'little', 'scarlet', ',', 'starletSingin', ""'"", 'in', 'the', 'gardenkiss', 'I', 'on', 'my', 'open', 'mouthready', 'for', 'you']","['PROPN', 'PROPN', 'PUNCT', 'ADP', 'ADP', 'DET', 'PROPN', 'PROPN', 'SPACE', 'PRON', 'ADJ', 'NOUN', 'AUX', 'DET', 'ADJ', 'NOUN', 'PRON', 'AUX', 'PART', 'VERB', 'PUNCT', 'DET', 'NOUN', 'PRON', 'VERB', 'PRON', 'NOUN', 'PRON', 'VERB', 'PRON', 'PUNCT', 'PRON', 'VERB', 'PRON', 'ADP', 'PRON', 'PROPN', 'AUX', 'PART', 'VERB', 'PRON', 'VERB', 'DET', 'PROPN', 'PROPN', 'PROPN', 'AUX', 'PART', 'VERB', 'PRON', 'VERB', 'DET', 'PROPN', 'NOUN', 'NOUN', 'ADP', 'PROPN', 'VERB', 'PRON', 'ADP', 'DET', 'NOUN', 'ADP', 'PRON', 'NOUN', 'PROPN', 'PART', 'NOUN', 'PUNCT', 'VERB', 'NOUN', 'VERB', 'ADP', 'ADP', 'PRON', 'ADJ', 'NOUN', 'VERB', 'PRON', 'ADP', 'DET', 'NOUN', 'NOUN', 'PUNCT', 'ADJ', 'ADJ', 'X', 'NOUN', 'PUNCT', 'PUNCT', 'NOUN', 'PUNCT', 'ADP', 'PRON', 'PROPN', 'PROPN', 'PUNCT', 'NOUN', 'ADP', 'PRON', 'NOUN', 'PUNCT', 'NOUN', 'ADP', 'PRON', 'NOUN', 'DET', 'ADJ', 'NOUN', 'PUNCT', 'VERB', 'PRON', 'PRON', 'NOUN', 'ADP', 'PRON', 'NOUN', 'PUNCT', 'NOUN', 'ADP', 'PRON', 'NOUN', 'PRON', 'NOUN', 'NOUN', 'PUNCT', 'VERB', 'PRON', 'CCONJ', 'PRON', 'AUX', 'ADV', 'ADP', 'DET', 'NOUN', 'ADP', 'PROPN', 'NOUN', 'PART', 'PRON', 'ADV', 'ADV', 'PROPN', 'PRON', 'VERB', 'PRON', 'AUX', 'NOUN', 'PART', 'NOUN', 'ADV', 'ADP', 'PROPN', 'PROPN', 'PRON', 'AUX', 'PART', 'VERB', 'PROPN', 'PRON', 'AUX', 'ADJ', 'PUNCT', 'CCONJ', 'VERB', 'PRON', 'PART', 'VERB', 'ADV', 'CCONJ', 'VERB', 'PROPN', 'PRON', 'ADJ', 'ADJ', 'PUNCT', 'PROPN', 'PUNCT', 'ADP', 'DET', 'VERB', 'PRON', 'ADP', 'PRON', 'ADJ', 'NOUN', 'ADP', 'PRON']","Song Title: Off to the Races Lyrics 

My old man is a bad manBut I can't deny, the way he holds my handAnd he grabs me, he has me by my heartHe doesn't mind I have a Las Vegas pastHe doesn't mind I have a L.A. crass way about meHe loves me with every beat of his cocaine heartSwimmin' pool, glimmering darlin'White bikini off with my red nail polishWatch me in the swimming pool, bright blue ripplesYou sittin', sippin' on your Black Cristal, yeahLight of my life, fire of my loinsBe a good baby, do what I wantLight of my life, fire of my loinsGimme them gold coins, gimme them coinsAnd I'm off to the racesCases of Bacardi chasersChasin' me all over town'Cause he knows I'm wastedFacin' time again at Rikers IslandAnd I won't get outBecause I'm crazy, babyI need you to come here and save meI'm your little scarlet, starletSingin' in the gardenKiss me on my open mouthReady for you"
West Coast Lyrics | Genius Lyrics.txt,West Coast,"['Song', 'Title', ':', 'West', 'Coast', '\n\n', 'Down', 'on', 'the', 'West', 'coast', ',', 'they', 'got', 'a', 'sayin\'""If', 'you', ""'re"", 'not', 'drinkin', ""'"", ',', 'then', 'you', ""'re"", 'not', 'playin\'""But', 'you', ""'ve"", 'got', 'the', ""musicYou've"", 'got', 'the', 'music', 'in', 'you', ',', 'do', ""n't"", 'you?Down', 'on', 'the', 'West', 'coast', ',', 'I', 'get', 'this', 'feeling', 'likeIt', 'all', 'could', 'happen', ',', 'that', ""'s"", 'why', 'I', ""'m"", 'leavingYou', 'for', 'the', 'moment', ',', 'you', 'for', 'the', 'momentBoy', 'Blue', ',', 'yeah', ',', ""youYou're"", 'falling', 'hard', ',', 'I', 'push', 'away', ',', 'I', ""'m"", 'feelin', ""'"", 'hot', 'to', 'the', 'touchYou', 'say', 'you', 'miss', 'me', 'and', 'I', 'wanna', 'say', 'I', 'miss', 'you', 'so', 'muchBut', 'something', 'keeps', 'me', 'really', 'quiet', ',', 'I', ""'m"", 'alive', ',', 'I', ""'m"", 'a', 'lushYour', 'love', ',', 'your', 'love', ',', 'my', 'loveI', 'can', 'see', 'my', 'baby', 'swingingHis', 'Parliament', ""'s"", 'on', 'fire', 'and', 'his', 'hands', 'are', 'upOn', 'the', 'balcony', 'and', 'I', ""'m"", 'singingOoh', ',', 'baby', ',', 'ooh', ',', 'baby', ',', 'I', ""'m"", 'in', 'loveI', 'can', 'see', 'my', 'sweet', 'boy', 'swayingHe', ""'s"", 'crazy', 'y', 'cubano', 'como', 'yo', ',', 'la', '-', 'laOn', 'the', 'balcony', 'and', 'I', ""'m"", 'sayingMove', ',', 'baby', ',', 'move', ',', 'baby', ',', 'I', ""'m"", 'in', ""loveI'm"", 'in', 'love', 'I', ""'m"", 'in', 'love']","['Song', 'Title', ':', 'West', 'Coast', '\n\n', 'down', 'on', 'the', 'West', 'coast', ',', 'they', 'get', 'a', 'sayin\'""if', 'you', 'be', 'not', 'drinkin', ""'"", ',', 'then', 'you', 'be', 'not', 'playin\'""but', 'you', 'have', 'get', 'the', ""musicyou've"", 'get', 'the', 'music', 'in', 'you', ',', 'do', 'not', 'you?down', 'on', 'the', 'West', 'coast', ',', 'I', 'get', 'this', 'feeling', 'likeIt', 'all', 'could', 'happen', ',', 'that', 'be', 'why', 'I', 'be', 'leavingyou', 'for', 'the', 'moment', ',', 'you', 'for', 'the', 'momentBoy', 'Blue', ',', 'yeah', ',', ""youyou're"", 'fall', 'hard', ',', 'I', 'push', 'away', ',', 'I', 'be', 'feelin', ""'"", 'hot', 'to', 'the', 'touchyou', 'say', 'you', 'miss', 'I', 'and', 'I', 'wanna', 'say', 'I', 'miss', 'you', 'so', 'muchbut', 'something', 'keep', 'I', 'really', 'quiet', ',', 'I', 'be', 'alive', ',', 'I', 'be', 'a', 'lushyour', 'love', ',', 'your', 'love', ',', 'my', 'loveI', 'can', 'see', 'my', 'baby', 'swingingHis', 'Parliament', 'be', 'on', 'fire', 'and', 'his', 'hand', 'be', 'upon', 'the', 'balcony', 'and', 'I', 'be', 'singingOoh', ',', 'baby', ',', 'ooh', ',', 'baby', ',', 'I', 'be', 'in', 'loveI', 'can', 'see', 'my', 'sweet', 'boy', 'swayingHe', ""'s"", 'crazy', 'y', 'cubano', 'como', 'yo', ',', 'la', '-', 'laon', 'the', 'balcony', 'and', 'I', 'be', 'sayingmove', ',', 'baby', ',', 'move', ',', 'baby', ',', 'I', 'be', 'in', ""loveI'm"", 'in', 'love', 'I', 'be', 'in', 'love']","['PROPN', 'PROPN', 'PUNCT', 'PROPN', 'PROPN', 'SPACE', 'ADP', 'ADP', 'DET', 'PROPN', 'NOUN', 'PUNCT', 'PRON', 'VERB', 'DET', 'NOUN', 'PRON', 'AUX', 'PART', 'ADJ', 'NUM', 'PUNCT', 'ADV', 'PRON', 'AUX', 'PART', 'ADP', 'PRON', 'AUX', 'VERB', 'DET', 'NUM', 'VERB', 'DET', 'NOUN', 'ADP', 'PRON', 'PUNCT', 'AUX', 'PART', 'NOUN', 'ADP', 'DET', 'PROPN', 'NOUN', 'PUNCT', 'PRON', 'VERB', 'DET', 'NOUN', 'PROPN', 'PRON', 'AUX', 'VERB', 'PUNCT', 'PRON', 'AUX', 'SCONJ', 'PRON', 'AUX', 'X', 'ADP', 'DET', 'NOUN', 'PUNCT', 'PRON', 'ADP', 'DET', 'PROPN', 'PROPN', 'PUNCT', 'INTJ', 'PUNCT', 'NOUN', 'VERB', 'ADV', 'PUNCT', 'PRON', 'VERB', 'ADV', 'PUNCT', 'PRON', 'AUX', 'PROPN', 'PART', 'ADJ', 'ADP', 'DET', 'NOUN', 'VERB', 'PRON', 'VERB', 'PRON', 'CCONJ', 'PRON', 'VERB', 'VERB', 'PRON', 'VERB', 'PRON', 'ADV', 'ADP', 'PRON', 'VERB', 'PRON', 'ADV', 'ADJ', 'PUNCT', 'PRON', 'AUX', 'ADJ', 'PUNCT', 'PRON', 'AUX', 'DET', 'ADJ', 'NOUN', 'PUNCT', 'PRON', 'NOUN', 'PUNCT', 'PRON', 'PROPN', 'AUX', 'VERB', 'PRON', 'NOUN', 'PROPN', 'PROPN', 'AUX', 'ADP', 'NOUN', 'CCONJ', 'PRON', 'NOUN', 'AUX', 'SCONJ', 'DET', 'NOUN', 'CCONJ', 'PRON', 'AUX', 'PROPN', 'PUNCT', 'NOUN', 'PUNCT', 'PROPN', 'PUNCT', 'NOUN', 'PUNCT', 'PRON', 'AUX', 'ADP', 'PROPN', 'AUX', 'VERB', 'PRON', 'ADJ', 'NOUN', 'NOUN', 'PART', 'ADJ', 'PROPN', 'PROPN', 'PROPN', 'PROPN', 'PUNCT', 'PROPN', 'PUNCT', 'PRON', 'DET', 'NOUN', 'CCONJ', 'PRON', 'AUX', 'ADJ', 'PUNCT', 'NOUN', 'PUNCT', 'NOUN', 'PUNCT', 'NOUN', 'PUNCT', 'PRON', 'AUX', 'ADP', 'PROPN', 'ADP', 'NOUN', 'PRON', 'AUX', 'ADP', 'NOUN']","Song Title: West Coast 

Down on the West coast, they got a sayin'""If you're not drinkin', then you're not playin'""But you've got the musicYou've got the music in you, don't you?Down on the West coast, I get this feeling likeIt all could happen, that's why I'm leavingYou for the moment, you for the momentBoy Blue, yeah, youYou're falling hard, I push away, I'm feelin' hot to the touchYou say you miss me and I wanna say I miss you so muchBut something keeps me really quiet, I'm alive, I'm a lushYour love, your love, my loveI can see my baby swingingHis Parliament's on fire and his hands are upOn the balcony and I'm singingOoh, baby, ooh, baby, I'm in loveI can see my sweet boy swayingHe's crazy y cubano como yo, la-laOn the balcony and I'm sayingMove, baby, move, baby, I'm in loveI'm in love I'm in love "
Cherry Lyrics | Genius Lyrics.txt,Cherry,"['Song', 'Title', ':', 'Cherry', '\n\n', 'Love', ',', 'I', 'said', 'real', 'love', 'is', 'like', 'feelin', ""'"", 'no', 'fearWhen', 'you', ""'re"", 'standin', ""'"", 'in', 'the', 'face', 'of', 'danger', ""'Cause"", 'you', 'just', 'want', 'it', 'so', 'muchA', 'touch', ',', 'from', 'your', 'real', 'loveIs', 'like', 'heaven', 'takin', ""'"", 'the', 'place', 'of', ""somethin'"", 'evil', 'And', 'lettin', ""'"", 'it', 'burn', 'off', 'from', 'the', 'rush', ',', 'yeah', ',', 'yeah', 'Darlin', ""'"", ',', 'darlin', ""'"", ',', ""darlin'I"", 'fall', 'to', 'pieces', 'when', 'I', ""'m"", 'with', 'youI', 'fall', 'to', 'piecesMy', 'cherries', ' ', 'and', 'wine', ',', 'rosemary', 'and', 'thymeAnd', 'all', 'of', 'my', 'peaches', 'are', 'ruinedLove', ',', 'is', 'it', 'real', 'love?It', ""'s"", 'like', 'smilin', ""'"", 'when', 'the', 'firin', ""'"", 'squad', ""'s"", 'against', 'ya', 'And', 'you', 'just', 'stay', 'lined', 'up', ',', 'yeah', 'Darlin', ""'"", ',', 'darlin', ""'"", ',', ""darlin'I"", 'fall', 'to', 'pieces', 'when', 'I', ""'m"", 'with', 'youI', 'fall', 'to', 'pieces', 'My', 'cherries', 'and', 'wine', ',', 'rosemary', 'and', 'thymeAnd', 'all', 'of', 'my', 'peaches', 'Are', 'ruined']","['Song', 'Title', ':', 'Cherry', '\n\n', 'Love', ',', 'I', 'say', 'real', 'love', 'be', 'like', 'feelin', ""'"", 'no', 'fearwhen', 'you', 'be', 'standin', ""'"", 'in', 'the', 'face', 'of', 'danger', ""'cause"", 'you', 'just', 'want', 'it', 'so', 'mucha', 'touch', ',', 'from', 'your', 'real', 'loveIs', 'like', 'heaven', 'takin', ""'"", 'the', 'place', 'of', 'something', 'evil', 'and', 'lettin', ""'"", 'it', 'burn', 'off', 'from', 'the', 'rush', ',', 'yeah', ',', 'yeah', 'Darlin', ""'"", ',', 'darlin', ""'"", ',', ""darlin'i"", 'fall', 'to', 'piece', 'when', 'I', 'be', 'with', 'youI', 'fall', 'to', 'piecesmy', 'cherry', ' ', 'and', 'wine', ',', 'rosemary', 'and', 'thymeand', 'all', 'of', 'my', 'peach', 'be', 'ruinedlove', ',', 'be', 'it', 'real', 'love?it', ""'s"", 'like', 'smilin', ""'"", 'when', 'the', 'firin', ""'"", 'squad', ""'s"", 'against', 'ya', 'and', 'you', 'just', 'stay', 'lined', 'up', ',', 'yeah', 'Darlin', ""'"", ',', 'darlin', ""'"", ',', ""darlin'i"", 'fall', 'to', 'piece', 'when', 'I', 'be', 'with', 'youI', 'fall', 'to', 'piece', 'my', 'cherry', 'and', 'wine', ',', 'rosemary', 'and', 'thymeand', 'all', 'of', 'my', 'peach', 'be', 'ruin']","['PROPN', 'PROPN', 'PUNCT', 'PROPN', 'SPACE', 'PROPN', 'PUNCT', 'PRON', 'VERB', 'ADJ', 'NOUN', 'AUX', 'ADP', 'NOUN', 'PUNCT', 'PRON', 'ADV', 'PRON', 'AUX', 'VERB', 'PUNCT', 'ADP', 'DET', 'NOUN', 'ADP', 'NOUN', 'SCONJ', 'PRON', 'ADV', 'VERB', 'PRON', 'ADV', 'ADJ', 'VERB', 'PUNCT', 'ADP', 'PRON', 'ADJ', 'PROPN', 'ADP', 'PROPN', 'PROPN', 'PART', 'DET', 'NOUN', 'ADP', 'NOUN', 'NOUN', 'CCONJ', 'NOUN', 'PUNCT', 'PRON', 'VERB', 'ADP', 'ADP', 'DET', 'NOUN', 'PUNCT', 'INTJ', 'PUNCT', 'INTJ', 'PROPN', 'PUNCT', 'PUNCT', 'PROPN', 'PART', 'PUNCT', 'ADJ', 'NOUN', 'ADP', 'NOUN', 'SCONJ', 'PRON', 'AUX', 'ADP', 'NOUN', 'NOUN', 'ADP', 'NOUN', 'NOUN', 'SPACE', 'CCONJ', 'NOUN', 'PUNCT', 'ADJ', 'CCONJ', 'ADP', 'PRON', 'ADP', 'PRON', 'NOUN', 'AUX', 'ADJ', 'PUNCT', 'AUX', 'PRON', 'ADJ', 'NOUN', 'PART', 'ADP', 'PROPN', 'PUNCT', 'SCONJ', 'DET', 'NOUN', 'PUNCT', 'NOUN', 'PART', 'ADP', 'PRON', 'CCONJ', 'PRON', 'ADV', 'VERB', 'ADJ', 'ADP', 'PUNCT', 'INTJ', 'PROPN', 'PUNCT', 'PUNCT', 'PROPN', 'PART', 'PUNCT', 'ADJ', 'NOUN', 'ADP', 'NOUN', 'SCONJ', 'PRON', 'AUX', 'ADP', 'NOUN', 'VERB', 'ADP', 'NOUN', 'PRON', 'NOUN', 'CCONJ', 'NOUN', 'PUNCT', 'ADJ', 'CCONJ', 'ADP', 'PRON', 'ADP', 'PRON', 'NOUN', 'AUX', 'VERB']","Song Title: Cherry

Love , I said real love is like feelin' no fearWhen you're standin' in the face of danger 'Cause you just want it so muchA touch , from your real loveIs like heaven takin' the place of somethin' evil And lettin' it burn off from the rush, yeah, yeah Darlin', darlin', darlin'I fall to pieces when I'm with youI fall to piecesMy cherries  and wine, rosemary and thymeAnd all of my peaches are ruinedLove , is it real love?It's like smilin' when the firin' squad's against ya And you just stay lined up, yeah Darlin', darlin', darlin'I fall to pieces when I'm with youI fall to pieces My cherries and wine, rosemary and thymeAnd all of my peaches Are ruined "
Carmen Lyrics | Genius Lyrics.txt,Carmen,"['Song', 'Title', ':', 'Carmen', '\n\n', 'Darlin', ""'"", ',', 'darlin', ""'"", 'does', ""n't"", 'have', 'a', 'problemLyin', ""'"", 'to', 'herself', ""'cause"", 'her', 'liquor', ""'s"", 'top', 'shelfIt', ""'s"", 'alarming', ',', 'honestly', ',', 'how', 'charming', 'she', 'can', 'beFooling', 'everyone', ',', 'telling', ""'em"", 'she', ""'s"", 'having', 'funShe', 'says', ',', '""', 'You', 'do', ""n't"", 'wanna', 'be', 'like', ""meDon't"", 'wanna', 'see', 'all', 'the', 'things', 'I', ""'ve"", ""seenI'm"", 'dyin', ""'"", ',', 'I', ""'m"", 'dyin\'""She', 'says', ',', '""', 'You', 'do', ""n't"", 'wanna', 'get', 'this', 'wayFamous', 'and', 'dumb', 'at', 'an', 'early', 'ageLyin', ""'"", ',', 'I', ""'m"", 'lyin""The', 'boys', ',', 'the', 'girls', ',', 'they', 'all', 'like', 'CarmenShe', 'gives', 'them', 'butterflies', ',', 'bats', 'her', 'cartoon', 'eyesShe', 'laughs', 'like', 'God', ',', 'her', 'mind', ""'s"", 'like', 'a', 'diamondAudiotune', 'lies', ',', 'she', ""'s"", 'still', ""shinin'Like"", 'lightning', ',', 'oh', '-', 'ohLike', 'lightningCarmen', ',', 'Carmen', ',', 'stayin', ""'"", 'up', ""'"", 'til', 'morningOnly', 'seventeen', ',', 'but', 'she', 'walks', 'the', 'streets', 'so', 'meanIt', ""'s"", 'alarming', ',', 'truly', ',', 'how', 'disarmin', ""'"", 'you', 'can', 'beEatin', ""'"", 'soft', 'ice', 'cream', ',', 'Coney', 'Island', 'queen']","['Song', 'Title', ':', 'Carmen', '\n\n', 'Darlin', ""'"", ',', 'darlin', ""'"", 'do', 'not', 'have', 'a', 'problemlyin', ""'"", 'to', 'herself', ""'cause"", 'her', 'liquor', ""'s"", 'top', 'shelfIt', ""'s"", 'alarming', ',', 'honestly', ',', 'how', 'charming', 'she', 'can', 'befool', 'everyone', ',', 'tell', 'them', 'she', 'be', 'have', 'funshe', 'say', ',', '""', 'you', 'do', 'not', 'wanna', 'be', 'like', ""meDon't"", 'wanna', 'see', 'all', 'the', 'thing', 'I', 'have', ""seenI'm"", 'dyin', ""'"", ',', 'I', 'be', 'dyin\'""she', 'say', ',', '""', 'you', 'do', 'not', 'wanna', 'get', 'this', 'wayfamous', 'and', 'dumb', 'at', 'an', 'early', 'agelyin', ""'"", ',', 'I', 'be', 'lyin""The', 'boy', ',', 'the', 'girl', ',', 'they', 'all', 'like', 'CarmenShe', 'give', 'they', 'butterfly', ',', 'bat', 'her', 'cartoon', 'eyesshe', 'laugh', 'like', 'God', ',', 'her', 'mind', 'be', 'like', 'a', 'diamondAudiotune', 'lie', ',', 'she', 'be', 'still', ""shinin'Like"", 'lightning', ',', 'oh', '-', 'ohlike', 'lightningcarman', ',', 'Carmen', ',', 'stayin', ""'"", 'up', ""'"", 'til', 'morningonly', 'seventeen', ',', 'but', 'she', 'walk', 'the', 'street', 'so', 'meanIt', ""'s"", 'alarming', ',', 'truly', ',', 'how', 'disarmin', ""'"", 'you', 'can', 'beEatin', ""'"", 'soft', 'ice', 'cream', ',', 'Coney', 'Island', 'queen']","['PROPN', 'PROPN', 'PUNCT', 'PROPN', 'SPACE', 'PROPN', 'PUNCT', 'PUNCT', 'PROPN', 'PUNCT', 'AUX', 'PART', 'VERB', 'DET', 'NOUN', 'PUNCT', 'ADP', 'PRON', 'SCONJ', 'PRON', 'NOUN', 'PART', 'ADJ', 'PROPN', 'PART', 'ADJ', 'PUNCT', 'ADV', 'PUNCT', 'SCONJ', 'ADJ', 'PRON', 'AUX', 'VERB', 'PRON', 'PUNCT', 'VERB', 'PRON', 'PRON', 'AUX', 'VERB', 'NOUN', 'VERB', 'PUNCT', 'PUNCT', 'PRON', 'AUX', 'PART', 'VERB', 'AUX', 'ADP', 'PROPN', 'PROPN', 'VERB', 'DET', 'DET', 'NOUN', 'PRON', 'AUX', 'PROPN', 'PROPN', 'PROPN', 'PUNCT', 'PRON', 'AUX', 'NOUN', 'VERB', 'PUNCT', 'PUNCT', 'PRON', 'AUX', 'PART', 'VERB', 'VERB', 'PRON', 'ADJ', 'CCONJ', 'ADJ', 'ADP', 'DET', 'ADJ', 'NUM', 'PUNCT', 'PUNCT', 'PRON', 'AUX', 'PUNCT', 'NOUN', 'PUNCT', 'DET', 'NOUN', 'PUNCT', 'PRON', 'PRON', 'ADP', 'PROPN', 'VERB', 'PRON', 'NOUN', 'PUNCT', 'VERB', 'PRON', 'NOUN', 'NUM', 'VERB', 'ADP', 'PROPN', 'PUNCT', 'PRON', 'NOUN', 'AUX', 'ADP', 'DET', 'NOUN', 'NOUN', 'PUNCT', 'PRON', 'AUX', 'ADV', 'PROPN', 'NOUN', 'PUNCT', 'INTJ', 'PUNCT', 'ADJ', 'NOUN', 'PUNCT', 'PROPN', 'PUNCT', 'PROPN', 'PUNCT', 'NOUN', 'PUNCT', 'PROPN', 'PRON', 'PROPN', 'PUNCT', 'CCONJ', 'PRON', 'VERB', 'DET', 'NOUN', 'ADV', 'PROPN', 'PART', 'ADJ', 'PUNCT', 'ADV', 'PUNCT', 'SCONJ', 'ADJ', 'PUNCT', 'PRON', 'AUX', 'PROPN', 'PART', 'ADJ', 'NOUN', 'NOUN', 'PUNCT', 'PROPN', 'PROPN', 'NOUN']","Song Title: Carmen

Darlin', darlin' doesn't have a problemLyin' to herself 'cause her liquor's top shelfIt's alarming, honestly, how charming she can beFooling everyone, telling 'em she's having funShe says, ""You don't wanna be like meDon't wanna see all the things I've seenI'm dyin', I'm dyin'""She says, ""You don't wanna get this wayFamous and dumb at an early ageLyin', I'm lyin""The boys, the girls, they all like CarmenShe gives them butterflies, bats her cartoon eyesShe laughs like God, her mind's like a diamondAudiotune lies, she's still shinin'Like lightning, oh-ohLike lightningCarmen, Carmen, stayin' up 'til morningOnly seventeen, but she walks the streets so meanIt's alarming, truly, how disarmin' you can beEatin' soft ice cream, Coney Island queen"
Young and Beautiful Lyrics | Genius Lyrics.txt,Young and Beautiful,"['Song', 'Title', ':', 'Young', 'and', 'Beautiful', '\n\n', 'I', ""'ve"", 'seen', 'the', 'world', ',', 'done', 'it', 'allHad', 'my', 'cake', 'nowDiamonds', ',', 'brilliant', ',', 'and', 'Bel', 'Air', 'nowHot', 'summer', 'nights', ',', 'mid', '-', 'JulyWhen', 'you', 'and', 'I', 'were', 'forever', 'wildThe', 'crazy', 'days', ',', 'city', 'lightsThe', 'way', 'you', ""'d"", 'play', 'with', 'me', 'like', 'a', 'childWill', 'you', 'still', 'love', 'me', 'when', 'I', ""'m"", 'no', 'longer', 'young', 'and', 'beautiful?Will', 'you', 'still', 'love', 'me', 'when', 'I', 'got', 'nothing', 'but', 'my', 'aching', 'soul?I', 'know', 'you', 'will', ',', 'I', 'know', 'you', 'will', ',', 'I', 'know', 'that', 'you', 'willWill', 'you', 'still', 'love', 'me', 'when', 'I', ""'m"", 'no', 'longer', ""beautiful?I've"", 'seen', 'the', 'world', ',', 'lit', 'it', 'up', 'as', 'my', 'stage', 'nowChanneling', 'angels', 'in', 'the', 'new', 'age', 'nowHot', 'summer', 'days', ',', 'rock', 'and', 'rollThe', 'way', 'you', ""'d"", 'play', 'for', 'me', 'at', 'your', 'showAnd', 'all', 'the', 'ways', 'I', 'got', 'to', 'knowYour', 'pretty', 'face', 'and', 'electric', 'soulWill', 'you', 'still', 'love', 'me', 'when', 'I', ""'m"", 'no', 'longer', 'young', 'and', 'beautiful?Will', 'you', 'still', 'love', 'me', 'when', 'I', 'got', 'nothing', 'but', 'my', 'aching', 'soul?I', 'know', 'you', 'will', ',', 'I', 'know', 'you', 'will', ',', 'I', 'know', 'that', 'you', 'willWill', 'you', 'still', 'love', 'me', 'when', 'I', ""'m"", 'no', 'longer', 'beautiful', '?']","['Song', 'Title', ':', 'Young', 'and', 'Beautiful', '\n\n', 'I', 'have', 'see', 'the', 'world', ',', 'do', 'it', 'allhad', 'my', 'cake', 'nowDiamonds', ',', 'brilliant', ',', 'and', 'Bel', 'Air', 'nowhot', 'summer', 'night', ',', 'mid', '-', 'JulyWhen', 'you', 'and', 'I', 'be', 'forever', 'wildthe', 'crazy', 'day', ',', 'city', 'lightsthe', 'way', 'you', 'would', 'play', 'with', 'I', 'like', 'a', 'childwill', 'you', 'still', 'love', 'I', 'when', 'I', 'be', 'no', 'long', 'young', 'and', 'beautiful?will', 'you', 'still', 'love', 'I', 'when', 'I', 'get', 'nothing', 'but', 'my', 'ache', 'soul?i', 'know', 'you', 'will', ',', 'I', 'know', 'you', 'will', ',', 'I', 'know', 'that', 'you', 'willwill', 'you', 'still', 'love', 'I', 'when', 'I', 'be', 'no', 'long', ""beautiful?i've"", 'see', 'the', 'world', ',', 'light', 'it', 'up', 'as', 'my', 'stage', 'nowChanneling', 'angel', 'in', 'the', 'new', 'age', 'nowhot', 'summer', 'day', ',', 'rock', 'and', 'rollthe', 'way', 'you', 'would', 'play', 'for', 'I', 'at', 'your', 'showand', 'all', 'the', 'way', 'I', 'get', 'to', 'knowyour', 'pretty', 'face', 'and', 'electric', 'soulwill', 'you', 'still', 'love', 'I', 'when', 'I', 'be', 'no', 'long', 'young', 'and', 'beautiful?will', 'you', 'still', 'love', 'I', 'when', 'I', 'get', 'nothing', 'but', 'my', 'ache', 'soul?i', 'know', 'you', 'will', ',', 'I', 'know', 'you', 'will', ',', 'I', 'know', 'that', 'you', 'willwill', 'you', 'still', 'love', 'I', 'when', 'I', 'be', 'no', 'long', 'beautiful', '?']","['PROPN', 'PROPN', 'PUNCT', 'PROPN', 'CCONJ', 'PROPN', 'SPACE', 'PRON', 'AUX', 'VERB', 'DET', 'NOUN', 'PUNCT', 'VERB', 'PRON', 'VERB', 'PRON', 'NOUN', 'PROPN', 'PUNCT', 'ADJ', 'PUNCT', 'CCONJ', 'PROPN', 'PROPN', 'NOUN', 'NOUN', 'NOUN', 'PUNCT', 'PROPN', 'PROPN', 'PROPN', 'PRON', 'CCONJ', 'PRON', 'AUX', 'ADV', 'CCONJ', 'ADJ', 'NOUN', 'PUNCT', 'NOUN', 'DET', 'NOUN', 'PRON', 'AUX', 'VERB', 'ADP', 'PRON', 'ADP', 'DET', 'NOUN', 'PRON', 'ADV', 'VERB', 'PRON', 'SCONJ', 'PRON', 'AUX', 'ADV', 'ADV', 'ADJ', 'CCONJ', 'VERB', 'PRON', 'ADV', 'VERB', 'PRON', 'SCONJ', 'PRON', 'VERB', 'PRON', 'SCONJ', 'PRON', 'VERB', 'NOUN', 'VERB', 'PRON', 'AUX', 'PUNCT', 'PRON', 'VERB', 'PRON', 'AUX', 'PUNCT', 'PRON', 'VERB', 'SCONJ', 'PRON', 'ADV', 'PRON', 'ADV', 'VERB', 'PRON', 'SCONJ', 'PRON', 'AUX', 'ADV', 'ADV', 'ADV', 'VERB', 'DET', 'NOUN', 'PUNCT', 'VERB', 'PRON', 'ADP', 'ADP', 'PRON', 'NOUN', 'PROPN', 'NOUN', 'ADP', 'DET', 'ADJ', 'NOUN', 'NOUN', 'NOUN', 'NOUN', 'PUNCT', 'NOUN', 'CCONJ', 'NUM', 'NOUN', 'PRON', 'AUX', 'VERB', 'ADP', 'PRON', 'ADP', 'PRON', 'NOUN', 'DET', 'DET', 'NOUN', 'PRON', 'VERB', 'PART', 'VERB', 'ADJ', 'NOUN', 'CCONJ', 'ADJ', 'VERB', 'PRON', 'ADV', 'VERB', 'PRON', 'SCONJ', 'PRON', 'AUX', 'ADV', 'ADV', 'ADJ', 'CCONJ', 'VERB', 'PRON', 'ADV', 'VERB', 'PRON', 'SCONJ', 'PRON', 'VERB', 'PRON', 'SCONJ', 'PRON', 'VERB', 'NOUN', 'VERB', 'PRON', 'AUX', 'PUNCT', 'PRON', 'VERB', 'PRON', 'AUX', 'PUNCT', 'PRON', 'VERB', 'SCONJ', 'PRON', 'ADV', 'PRON', 'ADV', 'VERB', 'PRON', 'SCONJ', 'PRON', 'AUX', 'ADV', 'ADV', 'ADJ', 'PUNCT']","Song Title: Young and Beautiful

I've seen the world, done it allHad my cake nowDiamonds, brilliant, and Bel Air nowHot summer nights, mid-JulyWhen you and I were forever wildThe crazy days, city lightsThe way you'd play with me like a childWill you still love me when I'm no longer young and beautiful?Will you still love me when I got nothing but my aching soul?I know you will, I know you will, I know that you willWill you still love me when I'm no longer beautiful?I've seen the world, lit it up as my stage nowChanneling angels in the new age nowHot summer days, rock and rollThe way you'd play for me at your showAnd all the ways I got to knowYour pretty face and electric soulWill you still love me when I'm no longer young and beautiful?Will you still love me when I got nothing but my aching soul?I know you will, I know you will, I know that you willWill you still love me when I'm no longer beautiful?"
Venice Bitch Lyrics | Genius Lyrics.txt,Venice Bitch,"['Song', 'Title', ':', 'Venice', 'Bitch', 'Lyrics', '\n\n', 'Fear', 'fun', ',', 'fear', 'loveFresh', 'out', 'of', 'fucks', 'foreverTryin', ""'"", 'to', 'be', 'stronger', 'for', 'youIce', 'cream', ',', 'ice', 'queenI', 'dream', 'in', 'jeans', 'and', 'leatherLive', 'stream', ',', 'I', ""'m"", 'sweet', 'for', 'youOh', 'God', ',', 'miss', 'you', 'on', 'my', 'lipsIt', ""'s"", 'me', ',', 'your', 'little', 'Venice', 'bitchOn', 'the', 'stoop', 'with', 'the', 'neighborhood', 'kidsCallin', ""'"", 'out', ',', 'bang', 'bang', ',', 'kiss', ""kissYou're"", 'in', 'the', 'yard', ',', 'I', 'light', 'the', 'fireAnd', 'as', 'the', 'summer', 'fades', 'awayNothing', 'gold', 'can', 'stayYou', 'write', ',', 'I', 'tour', ',', 'we', 'make', 'it', ""workYou're"", 'beautiful', 'and', 'I', ""'m"", ""insaneWe're"", 'American', '-', 'madeGive', 'me', 'HallmarkOne', 'dream', ',', 'one', 'life', ',', 'one', 'loverPaint', 'me', 'happy', 'in', 'blueNorman', 'RockwellNo', 'hype', 'under', 'our', 'coversIt', ""'s"", 'just', 'me', 'and', 'you']","['Song', 'Title', ':', 'Venice', 'Bitch', 'Lyrics', '\n\n', 'Fear', 'fun', ',', 'fear', 'lovefresh', 'out', 'of', 'fuck', 'forevertryin', ""'"", 'to', 'be', 'strong', 'for', 'youice', 'cream', ',', 'ice', 'queeni', 'dream', 'in', 'jean', 'and', 'leatherlive', 'stream', ',', 'I', 'be', 'sweet', 'for', 'youOh', 'God', ',', 'miss', 'you', 'on', 'my', 'lipsIt', ""'s"", 'I', ',', 'your', 'little', 'Venice', 'bitchOn', 'the', 'stoop', 'with', 'the', 'neighborhood', 'kidscallin', ""'"", 'out', ',', 'bang', 'bang', ',', 'kiss', ""kissYou're"", 'in', 'the', 'yard', ',', 'I', 'light', 'the', 'fireAnd', 'as', 'the', 'summer', 'fade', 'awaynothe', 'gold', 'can', 'stayyou', 'write', ',', 'I', 'tour', ',', 'we', 'make', 'it', ""workyou're"", 'beautiful', 'and', 'I', 'be', ""insaneWe're"", 'American', '-', 'madegive', 'I', 'HallmarkOne', 'dream', ',', 'one', 'life', ',', 'one', 'loverpaint', 'I', 'happy', 'in', 'bluenorman', 'RockwellNo', 'hype', 'under', 'our', 'coversIt', ""'s"", 'just', 'I', 'and', 'you']","['PROPN', 'PROPN', 'PUNCT', 'PROPN', 'PROPN', 'PROPN', 'SPACE', 'PROPN', 'NOUN', 'PUNCT', 'VERB', 'PRON', 'ADP', 'ADP', 'NOUN', 'NUM', 'PUNCT', 'PART', 'AUX', 'ADJ', 'ADP', 'ADJ', 'NOUN', 'PUNCT', 'NOUN', 'DET', 'NOUN', 'ADP', 'NOUN', 'CCONJ', 'ADJ', 'NOUN', 'PUNCT', 'PRON', 'AUX', 'ADJ', 'ADP', 'PROPN', 'PROPN', 'PUNCT', 'VERB', 'PRON', 'ADP', 'PRON', 'PROPN', 'PART', 'PRON', 'PUNCT', 'PRON', 'ADJ', 'PROPN', 'PROPN', 'DET', 'NOUN', 'ADP', 'DET', 'NOUN', 'NUM', 'PUNCT', 'NOUN', 'PUNCT', 'PROPN', 'PROPN', 'PUNCT', 'VERB', 'PROPN', 'ADP', 'DET', 'NOUN', 'PUNCT', 'PRON', 'VERB', 'DET', 'PROPN', 'SCONJ', 'DET', 'NOUN', 'NOUN', 'VERB', 'NOUN', 'AUX', 'PRON', 'VERB', 'PUNCT', 'PRON', 'VERB', 'PUNCT', 'PRON', 'VERB', 'PRON', 'VERB', 'ADJ', 'CCONJ', 'PRON', 'AUX', 'VERB', 'PROPN', 'PUNCT', 'ADJ', 'PRON', 'PROPN', 'NOUN', 'PUNCT', 'NUM', 'NOUN', 'PUNCT', 'NUM', 'NOUN', 'PRON', 'ADJ', 'ADP', 'NOUN', 'PROPN', 'NOUN', 'ADP', 'PRON', 'NOUN', 'PART', 'ADV', 'PRON', 'CCONJ', 'PRON']","Song Title: Venice Bitch Lyrics 

Fear fun, fear loveFresh out of fucks foreverTryin' to be stronger for youIce cream, ice queenI dream in jeans and leatherLive stream, I'm sweet for youOh God, miss you on my lipsIt's me, your little Venice bitchOn the stoop with the neighborhood kidsCallin' out, bang bang, kiss kissYou're in the yard, I light the fireAnd as the summer fades awayNothing gold can stayYou write, I tour, we make it workYou're beautiful and I'm insaneWe're American-madeGive me HallmarkOne dream, one life, one loverPaint me happy in blueNorman RockwellNo hype under our coversIt's just me and you"
Doin' Time Lyrics | Genius Lyrics.txt,Doin' Time,"['Song', 'Title', ':', ""Doin'"", 'Time', 'Lyrics', '\n\n', 'Summertime', ',', 'and', 'the', 'livin', ""'s"", 'easyBradley', ""'s"", 'on', 'the', 'microphone', 'with', 'Ras', 'MGAll', 'the', 'people', 'in', 'the', 'dance', 'will', 'agreeThat', 'we', ""'re"", 'well', '-', 'qualified', 'to', 'represent', 'the', 'L.B.C.Me', ',', 'me', 'and', 'Louie', ',', 'we', 'gon', 'na', 'run', 'to', 'the', 'partyAnd', 'dance', 'to', 'the', 'rhythm', ',', 'it', 'gets', 'harderMe', 'and', 'my', 'girl', ',', 'we', 'got', 'this', 'relationshipI', 'love', 'her', 'so', 'bad', ',', 'but', 'she', 'treats', 'me', 'like', 'shitOn', 'lockdown', ',', 'like', 'a', 'penitentiaryShe', 'spreads', 'her', ""lovin'"", 'all', 'overAnd', 'when', 'she', 'gets', 'home', ',', 'there', ""'s"", 'none', 'left', 'for', 'meSummertime', ',', 'and', 'the', 'livin', ""'s"", 'easyBradley', ""'s"", 'on', 'the', 'microphone', 'with', 'Ras', 'MGAll', 'the', 'people', 'in', 'the', 'dance', 'will', 'agreeThat', 'we', ""'re"", 'well', '-', 'qualified', 'to', 'represent', 'the', 'L.B.C.Me', ',', 'me', 'and', 'Louie', ',', 'we', 'gon', 'na', 'run', 'to', 'the', 'partyAnd', 'dance', 'to', 'the', 'rhythm', ',', 'it', 'gets', 'harderOh', ',', 'take', 'this', 'veil', 'from', 'off', 'my', 'eyesMy', 'burning', 'sun', 'will', ',', 'some', 'day', ',', 'riseSo', ',', 'what', 'am', 'I', 'gon', 'na', 'be', ""doin'"", 'for', 'a', 'while?Said', ',', 'I', ""'m"", 'gon', 'na', 'play', 'with', 'myselfShow', 'them', 'how', 'we', 'come', 'off', 'the', 'shelf']","['Song', 'Title', ':', 'do', 'Time', 'Lyrics', '\n\n', 'Summertime', ',', 'and', 'the', 'livin', ""'s"", 'easyBradley', ""'s"", 'on', 'the', 'microphone', 'with', 'Ras', 'MGAll', 'the', 'people', 'in', 'the', 'dance', 'will', 'agreethat', 'we', 'be', 'well', '-', 'qualified', 'to', 'represent', 'the', 'L.B.C.Me', ',', 'I', 'and', 'Louie', ',', 'we', 'go', 'to', 'run', 'to', 'the', 'partyand', 'dance', 'to', 'the', 'rhythm', ',', 'it', 'get', 'harderMe', 'and', 'my', 'girl', ',', 'we', 'get', 'this', 'relationshipi', 'love', 'she', 'so', 'bad', ',', 'but', 'she', 'treat', 'I', 'like', 'shitOn', 'lockdown', ',', 'like', 'a', 'penitentiaryshe', 'spread', 'her', ""lovin'"", 'all', 'overand', 'when', 'she', 'get', 'home', ',', 'there', 'be', 'none', 'leave', 'for', 'meSummertime', ',', 'and', 'the', 'livin', ""'s"", 'easyBradley', ""'s"", 'on', 'the', 'microphone', 'with', 'Ras', 'MGAll', 'the', 'people', 'in', 'the', 'dance', 'will', 'agreethat', 'we', 'be', 'well', '-', 'qualified', 'to', 'represent', 'the', 'L.B.C.Me', ',', 'I', 'and', 'Louie', ',', 'we', 'go', 'to', 'run', 'to', 'the', 'partyand', 'dance', 'to', 'the', 'rhythm', ',', 'it', 'get', 'harderOh', ',', 'take', 'this', 'veil', 'from', 'off', 'my', 'eyesMy', 'burn', 'sun', 'will', ',', 'some', 'day', ',', 'riseSo', ',', 'what', 'be', 'I', 'go', 'to', 'be', 'do', 'for', 'a', 'while?Said', ',', 'I', 'be', 'go', 'to', 'play', 'with', 'myselfshow', 'they', 'how', 'we', 'come', 'off', 'the', 'shelf']","['PROPN', 'PROPN', 'PUNCT', 'PROPN', 'PROPN', 'PROPN', 'SPACE', 'PROPN', 'PUNCT', 'CCONJ', 'DET', 'PROPN', 'PART', 'PROPN', 'PART', 'ADP', 'DET', 'NOUN', 'ADP', 'PROPN', 'PROPN', 'DET', 'NOUN', 'ADP', 'DET', 'NOUN', 'AUX', 'PRON', 'PRON', 'AUX', 'ADV', 'PUNCT', 'ADJ', 'PART', 'VERB', 'DET', 'PROPN', 'PUNCT', 'PRON', 'CCONJ', 'PROPN', 'PUNCT', 'PRON', 'VERB', 'PART', 'VERB', 'ADP', 'DET', 'NUM', 'NOUN', 'ADP', 'DET', 'NOUN', 'PUNCT', 'PRON', 'VERB', 'PROPN', 'CCONJ', 'PRON', 'NOUN', 'PUNCT', 'PRON', 'VERB', 'DET', 'NOUN', 'VERB', 'PRON', 'ADV', 'ADJ', 'PUNCT', 'CCONJ', 'PRON', 'VERB', 'PRON', 'ADP', 'PROPN', 'NOUN', 'PUNCT', 'SCONJ', 'DET', 'NOUN', 'VERB', 'PRON', 'ADJ', 'DET', 'X', 'SCONJ', 'PRON', 'VERB', 'ADV', 'PUNCT', 'PRON', 'VERB', 'NOUN', 'VERB', 'ADP', 'PROPN', 'PUNCT', 'CCONJ', 'DET', 'PROPN', 'PART', 'PROPN', 'PART', 'ADP', 'DET', 'NOUN', 'ADP', 'PROPN', 'PROPN', 'DET', 'NOUN', 'ADP', 'DET', 'NOUN', 'AUX', 'PRON', 'PRON', 'AUX', 'ADV', 'PUNCT', 'ADJ', 'PART', 'VERB', 'DET', 'PROPN', 'PUNCT', 'PRON', 'CCONJ', 'PROPN', 'PUNCT', 'PRON', 'VERB', 'PART', 'VERB', 'ADP', 'DET', 'NUM', 'NOUN', 'ADP', 'DET', 'NOUN', 'PUNCT', 'PRON', 'VERB', 'PROPN', 'PUNCT', 'VERB', 'DET', 'NOUN', 'ADP', 'ADP', 'PRON', 'NOUN', 'VERB', 'NOUN', 'AUX', 'PUNCT', 'DET', 'NOUN', 'PUNCT', 'PROPN', 'PUNCT', 'PRON', 'AUX', 'PRON', 'VERB', 'PART', 'AUX', 'VERB', 'ADP', 'DET', 'PROPN', 'PUNCT', 'PRON', 'AUX', 'VERB', 'PART', 'VERB', 'ADP', 'VERB', 'PRON', 'SCONJ', 'PRON', 'VERB', 'ADP', 'DET', 'NOUN']","Song Title: Doin' Time Lyrics 

Summertime, and the livin's easyBradley's on the microphone with Ras MGAll the people in the dance will agreeThat we're well-qualified to represent the L.B.C.Me, me and Louie, we gonna run to the partyAnd dance to the rhythm, it gets harderMe and my girl, we got this relationshipI love her so bad, but she treats me like shitOn lockdown, like a penitentiaryShe spreads her lovin' all overAnd when she gets home, there's none left for meSummertime, and the livin's easyBradley's on the microphone with Ras MGAll the people in the dance will agreeThat we're well-qualified to represent the L.B.C.Me, me and Louie, we gonna run to the partyAnd dance to the rhythm, it gets harderOh, take this veil from off my eyesMy burning sun will, some day, riseSo, what am I gonna be doin' for a while?Said, I'm gonna play with myselfShow them how we come off the shelf"
Love Lyrics | Genius Lyrics.txt,Love,"['Song', 'Title', ':', 'Love', '\n\n', 'Look', 'at', 'you', ',', 'kids', ',', 'with', 'your', 'vintage', 'musicComin', ""'"", 'through', 'satellites', 'while', ""cruisin'You're"", 'part', 'of', 'the', 'past', ',', 'but', 'now', 'you', ""'re"", 'the', 'futureSignals', 'crossing', 'can', 'get', ""confusin'It"", ""'s"", 'enough', 'just', 'to', 'make', 'you', 'feel', 'crazy', ',', 'crazy', ',', 'crazySometimes', ',', 'it', ""'s"", 'enough', 'just', 'to', 'make', 'you', 'feel', 'crazyYou', 'get', 'ready', ',', 'you', 'get', 'all', 'dressed', 'upTo', 'go', 'nowhere', 'in', 'particularBack', 'to', 'work', 'or', 'the', 'coffee', ""shopDoesn't"", 'matter', ""'cause"", 'it', ""'s"", 'enoughTo', 'be', 'young', 'and', 'in', 'lo', '-', 'oveTo', 'be', 'young', 'and', 'in', 'lo', '-', 'oveLook', 'at', 'you', ',', 'kids', ',', 'you', 'know', 'you', ""'re"", 'the', 'coolestThe', 'world', 'is', 'yours', 'and', 'you', 'ca', ""n't"", 'refuse', 'itSeen', 'so', 'much', ',', 'you', 'could', 'get', 'the', 'bluesBut', 'that', 'do', ""n't"", 'mean', 'that', 'you', 'should', 'abuse', 'itThough', 'it', ""'s"", 'enough', 'just', 'to', 'make', 'you', 'go', 'crazy', ',', 'crazy', ',', 'crazyI', 'know', ',', 'it', ""'s"", 'enough', 'just', 'to', 'make', 'you', 'go', 'crazy', ',', 'crazy', ',', 'crazy']","['Song', 'Title', ':', 'love', '\n\n', 'look', 'at', 'you', ',', 'kid', ',', 'with', 'your', 'vintage', 'musiccomin', ""'"", 'through', 'satellite', 'while', ""cruisin'you're"", 'part', 'of', 'the', 'past', ',', 'but', 'now', 'you', 'be', 'the', 'futuresignal', 'cross', 'can', 'get', ""confusin'it"", ""'s"", 'enough', 'just', 'to', 'make', 'you', 'feel', 'crazy', ',', 'crazy', ',', 'crazySometimes', ',', 'it', 'be', 'enough', 'just', 'to', 'make', 'you', 'feel', 'crazyyou', 'get', 'ready', ',', 'you', 'get', 'all', 'dress', 'upto', 'go', 'nowhere', 'in', 'particularback', 'to', 'work', 'or', 'the', 'coffee', ""shopdoesn't"", 'matter', ""'cause"", 'it', 'be', 'enoughTo', 'be', 'young', 'and', 'in', 'lo', '-', 'oveto', 'be', 'young', 'and', 'in', 'lo', '-', 'oveLook', 'at', 'you', ',', 'kid', ',', 'you', 'know', 'you', 'be', 'the', 'coolestThe', 'world', 'be', 'yours', 'and', 'you', 'can', 'not', 'refuse', 'itseen', 'so', 'much', ',', 'you', 'could', 'get', 'the', 'bluesbut', 'that', 'do', 'not', 'mean', 'that', 'you', 'should', 'abuse', 'itThough', 'it', 'be', 'enough', 'just', 'to', 'make', 'you', 'go', 'crazy', ',', 'crazy', ',', 'crazyi', 'know', ',', 'it', 'be', 'enough', 'just', 'to', 'make', 'you', 'go', 'crazy', ',', 'crazy', ',', 'crazy']","['PROPN', 'PROPN', 'PUNCT', 'NOUN', 'SPACE', 'VERB', 'ADP', 'PRON', 'PUNCT', 'NOUN', 'PUNCT', 'ADP', 'PRON', 'NOUN', 'NOUN', 'PUNCT', 'ADP', 'NOUN', 'SCONJ', 'NOUN', 'NOUN', 'ADP', 'DET', 'NOUN', 'PUNCT', 'CCONJ', 'ADV', 'PRON', 'AUX', 'DET', 'NOUN', 'VERB', 'AUX', 'VERB', 'NOUN', 'PART', 'ADJ', 'ADV', 'PART', 'VERB', 'PRON', 'VERB', 'ADJ', 'PUNCT', 'ADJ', 'PUNCT', 'PROPN', 'PUNCT', 'PRON', 'AUX', 'ADJ', 'ADV', 'PART', 'VERB', 'PRON', 'VERB', 'PRON', 'VERB', 'ADJ', 'PUNCT', 'PRON', 'VERB', 'DET', 'VERB', 'NOUN', 'VERB', 'ADV', 'ADP', 'NOUN', 'PART', 'VERB', 'CCONJ', 'DET', 'NOUN', 'NOUN', 'NOUN', 'SCONJ', 'PRON', 'AUX', 'NOUN', 'AUX', 'ADJ', 'CCONJ', 'ADP', 'PROPN', 'PUNCT', 'NOUN', 'VERB', 'ADJ', 'CCONJ', 'ADP', 'PROPN', 'PUNCT', 'PROPN', 'ADP', 'PRON', 'PUNCT', 'NOUN', 'PUNCT', 'PRON', 'VERB', 'PRON', 'AUX', 'DET', 'PROPN', 'NOUN', 'AUX', 'PRON', 'CCONJ', 'PRON', 'AUX', 'PART', 'VERB', 'ADP', 'ADV', 'ADJ', 'PUNCT', 'PRON', 'AUX', 'VERB', 'DET', 'NOUN', 'PRON', 'AUX', 'PART', 'VERB', 'SCONJ', 'PRON', 'AUX', 'VERB', 'PROPN', 'PRON', 'AUX', 'ADJ', 'ADV', 'PART', 'VERB', 'PRON', 'VERB', 'ADJ', 'PUNCT', 'ADJ', 'PUNCT', 'NOUN', 'VERB', 'PUNCT', 'PRON', 'AUX', 'ADJ', 'ADV', 'PART', 'VERB', 'PRON', 'VERB', 'ADJ', 'PUNCT', 'ADJ', 'PUNCT', 'ADJ']","Song Title: Love 

Look at you, kids, with your vintage musicComin' through satellites while cruisin'You're part of the past, but now you're the futureSignals crossing can get confusin'It's enough just to make you feel crazy, crazy, crazySometimes, it's enough just to make you feel crazyYou get ready, you get all dressed upTo go nowhere in particularBack to work or the coffee shopDoesn't matter 'cause it's enoughTo be young and in lo-oveTo be young and in lo-oveLook at you, kids, you know you're the coolestThe world is yours and you can't refuse itSeen so much, you could get the bluesBut that don't mean that you should abuse itThough it's enough just to make you go crazy, crazy, crazyI know, it's enough just to make you go crazy, crazy, crazy"
Summertime Sadness Lyrics | Genius Lyrics.txt,Summertime Sadness,"['Song', 'Title', ':', 'Summertime', 'Sadness', '\n\n', 'Kiss', 'me', 'hard', 'before', 'you', 'goSummertime', 'sadnessI', 'just', 'wanted', 'you', 'to', 'knowThat', ',', 'baby', ',', 'you', 'the', 'bestI', 'got', 'my', 'red', 'dress', 'on', 'tonightDancin', ""'"", 'in', 'the', 'dark', ',', 'in', 'the', 'pale', 'moonlightDone', 'my', 'hair', 'up', 'real', 'big', ',', 'beauty', 'queen', 'styleHigh', 'heels', 'off', ',', 'I', ""'m"", 'feelin', ""'"", 'aliveOh', 'my', 'God', ',', 'I', 'feel', 'it', 'in', 'the', 'airTelephone', 'wires', 'above', 'are', 'sizzlin', ""'"", 'like', 'a', 'snareHoney', ',', 'I', ""'m"", 'on', 'fire', ',', 'I', 'feel', 'it', 'everywhereNothin', ""'"", 'scares', 'me', 'anymore', 'Kiss', 'me', 'hard', 'before', 'you', 'goSummertime', 'sadnessI', 'just', 'wanted', 'you', 'to', 'knowThat', ',', 'baby', ',', 'you', 'the', 'bestI', 'got', 'that', 'summertime', ',', 'summertime', 'sadnessSu', '-', 'su', '-', 'summertime', ',', 'summertime', 'sadnessGot', 'that', 'summertime', ',', 'summertime', 'sadnessOh', ',', 'oh', ',', 'oh']","['Song', 'Title', ':', 'Summertime', 'Sadness', '\n\n', 'kiss', 'I', 'hard', 'before', 'you', 'goSummertime', 'sadnessI', 'just', 'want', 'you', 'to', 'knowThat', ',', 'baby', ',', 'you', 'the', 'bestI', 'get', 'my', 'red', 'dress', 'on', 'tonightDancin', ""'"", 'in', 'the', 'dark', ',', 'in', 'the', 'pale', 'moonlightdone', 'my', 'hair', 'up', 'real', 'big', ',', 'beauty', 'queen', 'stylehigh', 'heel', 'off', ',', 'I', 'be', 'feelin', ""'"", 'aliveOh', 'my', 'God', ',', 'I', 'feel', 'it', 'in', 'the', 'airTelephone', 'wire', 'above', 'be', 'sizzlin', ""'"", 'like', 'a', 'snarehoney', ',', 'I', 'be', 'on', 'fire', ',', 'I', 'feel', 'it', 'everywhereNothin', ""'"", 'scare', 'I', 'anymore', 'kiss', 'I', 'hard', 'before', 'you', 'goSummertime', 'sadnessI', 'just', 'want', 'you', 'to', 'knowThat', ',', 'baby', ',', 'you', 'the', 'bestI', 'get', 'that', 'summertime', ',', 'summertime', 'sadnessSu', '-', 'su', '-', 'summertime', ',', 'summertime', 'sadnessGot', 'that', 'summertime', ',', 'summertime', 'sadnessOh', ',', 'oh', ',', 'oh']","['PROPN', 'PROPN', 'PUNCT', 'PROPN', 'PROPN', 'SPACE', 'VERB', 'PRON', 'ADV', 'ADP', 'PRON', 'PROPN', 'PROPN', 'ADV', 'VERB', 'PRON', 'ADP', 'PROPN', 'PUNCT', 'NOUN', 'PUNCT', 'PRON', 'DET', 'PROPN', 'VERB', 'PRON', 'ADJ', 'NOUN', 'ADP', 'NOUN', 'PUNCT', 'ADP', 'DET', 'NOUN', 'PUNCT', 'ADP', 'DET', 'NOUN', 'NOUN', 'PRON', 'NOUN', 'ADP', 'ADV', 'ADJ', 'PUNCT', 'NOUN', 'NOUN', 'NOUN', 'VERB', 'ADP', 'PUNCT', 'PRON', 'AUX', 'NOUN', 'PART', 'PROPN', 'PRON', 'PROPN', 'PUNCT', 'PRON', 'VERB', 'PRON', 'ADP', 'DET', 'PROPN', 'NOUN', 'ADV', 'AUX', 'PROPN', 'PUNCT', 'ADP', 'DET', 'NOUN', 'PUNCT', 'PRON', 'AUX', 'ADP', 'NOUN', 'PUNCT', 'PRON', 'VERB', 'PRON', 'NOUN', 'PART', 'VERB', 'PRON', 'ADV', 'VERB', 'PRON', 'ADV', 'ADP', 'PRON', 'PROPN', 'PROPN', 'ADV', 'VERB', 'PRON', 'ADP', 'PROPN', 'PUNCT', 'NOUN', 'PUNCT', 'PRON', 'DET', 'PROPN', 'VERB', 'DET', 'NOUN', 'PUNCT', 'NOUN', 'PROPN', 'PUNCT', 'NOUN', 'PUNCT', 'NOUN', 'PUNCT', 'NOUN', 'PROPN', 'SCONJ', 'NOUN', 'PUNCT', 'NOUN', 'PROPN', 'PUNCT', 'INTJ', 'PUNCT', 'INTJ']","Song Title: Summertime Sadness 

Kiss me hard before you goSummertime sadnessI just wanted you to knowThat, baby, you the bestI got my red dress on tonightDancin' in the dark, in the pale moonlightDone my hair up real big, beauty queen styleHigh heels off, I'm feelin' aliveOh my God, I feel it in the airTelephone wires above are sizzlin' like a snareHoney, I'm on fire, I feel it everywhereNothin' scares me anymore Kiss me hard before you goSummertime sadnessI just wanted you to knowThat, baby, you the bestI got that summertime, summertime sadnessSu-su-summertime, summertime sadnessGot that summertime, summertime sadnessOh, oh, oh"
National Anthem Lyrics | Genius Lyrics.txt,National Anthem,"['Song', 'Title', ':', 'National', 'Anthem', 'Lyrics', '\n\n', 'Money', 'is', 'the', 'anthem', 'of', 'successSo', 'before', 'we', 'go', 'out', ',', 'what', ""'s"", 'your', ""address?I'm"", 'your', 'national', 'anthemGod', ',', 'you', ""'re"", 'so', 'handsomeTake', 'me', 'to', 'the', 'Hamptons', ',', 'Bugatti', 'VeyronHe', 'loves', 'to', 'romance', ""'"", 'emReckless', 'abandonHoldin', ""'"", 'me', 'for', 'ransom', ',', 'upper', 'echelonHe', 'says', 'to', 'be', 'cool', ',', 'but', 'I', 'do', ""n't"", 'know', 'how', 'yetWind', 'in', 'my', 'hair', ',', 'hand', 'on', 'the', 'back', 'of', 'my', 'neckI', 'said', ',', '""', 'Can', 'we', 'party', 'later', 'on', '?', '""', 'He', 'said', ',', '""', 'Yes', '""', 'Tell', 'me', 'I', ""'m"", 'your', 'national', 'anthemTell', 'me', 'I', ""'m"", 'your', 'national', 'anthemRed', ',', 'white', ',', 'blue', 'is', 'in', 'the', 'skySummer', ""'s"", 'in', 'the', 'air', 'and', ',', 'baby', ',', 'heaven', ""'s"", 'in', 'your', ""eyesI'm"", 'your', 'national', 'anthem']","['Song', 'Title', ':', 'National', 'Anthem', 'Lyrics', '\n\n', 'Money', 'be', 'the', 'anthem', 'of', 'successSo', 'before', 'we', 'go', 'out', ',', 'what', 'be', 'your', ""address?i'm"", 'your', 'national', 'anthemGod', ',', 'you', 'be', 'so', 'handsometake', 'I', 'to', 'the', 'Hamptons', ',', 'Bugatti', 'VeyronHe', 'love', 'to', 'romance', ""'"", 'emreckless', 'abandonHoldin', ""'"", 'I', 'for', 'ransom', ',', 'upper', 'echelonhe', 'say', 'to', 'be', 'cool', ',', 'but', 'I', 'do', 'not', 'know', 'how', 'yetwind', 'in', 'my', 'hair', ',', 'hand', 'on', 'the', 'back', 'of', 'my', 'necki', 'say', ',', '""', 'can', 'we', 'party', 'later', 'on', '?', '""', 'he', 'say', ',', '""', 'yes', '""', 'tell', 'I', 'I', 'be', 'your', 'national', 'anthemTell', 'I', 'I', 'be', 'your', 'national', 'anthemRed', ',', 'white', ',', 'blue', 'be', 'in', 'the', 'skySummer', ""'s"", 'in', 'the', 'air', 'and', ',', 'baby', ',', 'heaven', ""'s"", 'in', 'your', ""eyesi'm"", 'your', 'national', 'anthem']","['PROPN', 'PROPN', 'PUNCT', 'PROPN', 'PROPN', 'PROPN', 'SPACE', 'PROPN', 'AUX', 'DET', 'NOUN', 'ADP', 'PROPN', 'SCONJ', 'PRON', 'VERB', 'ADV', 'PUNCT', 'PRON', 'AUX', 'PRON', 'X', 'PRON', 'ADJ', 'PROPN', 'PUNCT', 'PRON', 'AUX', 'ADV', 'VERB', 'PRON', 'ADP', 'DET', 'PROPN', 'PUNCT', 'PROPN', 'PROPN', 'VERB', 'AUX', 'NOUN', 'PUNCT', 'VERB', 'VERB', 'PART', 'PRON', 'ADP', 'NOUN', 'PUNCT', 'ADJ', 'NOUN', 'VERB', 'PART', 'AUX', 'ADJ', 'PUNCT', 'CCONJ', 'PRON', 'AUX', 'PART', 'VERB', 'SCONJ', 'ADJ', 'ADP', 'PRON', 'NOUN', 'PUNCT', 'NOUN', 'ADP', 'DET', 'NOUN', 'ADP', 'PRON', 'NOUN', 'VERB', 'PUNCT', 'PUNCT', 'AUX', 'PRON', 'VERB', 'ADV', 'ADV', 'PUNCT', 'PUNCT', 'PRON', 'VERB', 'PUNCT', 'PUNCT', 'INTJ', 'PUNCT', 'VERB', 'PRON', 'PRON', 'AUX', 'PRON', 'ADJ', 'PROPN', 'PRON', 'PRON', 'AUX', 'PRON', 'ADJ', 'PROPN', 'PUNCT', 'ADJ', 'PUNCT', 'ADJ', 'AUX', 'ADP', 'DET', 'PROPN', 'PART', 'ADP', 'DET', 'NOUN', 'CCONJ', 'PUNCT', 'PROPN', 'PUNCT', 'PROPN', 'PART', 'ADP', 'PRON', 'NOUN', 'PRON', 'ADJ', 'NOUN']","Song Title: National Anthem Lyrics 

Money is the anthem of successSo before we go out, what's your address?I'm your national anthemGod, you're so handsomeTake me to the Hamptons, Bugatti VeyronHe loves to romance 'emReckless abandonHoldin' me for ransom, upper echelonHe says to be cool, but I don't know how yetWind in my hair, hand on the back of my neckI said, ""Can we party later on?"" He said, ""Yes"" Tell me I'm your national anthemTell me I'm your national anthemRed, white, blue is in the skySummer's in the air and, baby, heaven's in your eyesI'm your national anthem"
​hope is a dangerous thing for a woman like me to have - but i have it Lyrics | Genius Lyrics.txt,​hope is a dangerous thing for a woman like me to have - but i have it,"['Song', 'Title', ':', '\u200bhope', 'is', 'a', 'dangerous', 'thing', 'for', 'a', 'woman', 'like', 'me', 'to', 'have', '-', 'but', 'i', 'have', 'it', '\n', 'I', 'was', 'reading', 'Slim', 'Aarons', 'and', 'I', 'got', 'to', 'thinking', 'that', 'I', 'thoughtMaybe', 'I', ""'d"", 'get', 'less', 'stressed', 'if', 'I', 'was', 'tested', 'less', 'likeAll', 'of', 'these', 'debutantesSmiling', 'for', 'miles', 'in', 'pink', 'dresses', 'and', 'high', 'heels', 'on', 'white', 'yachtsBut', 'I', ""'m"", 'not', ',', 'baby', ',', 'I', ""'m"", 'notNo', ',', 'I', ""'m"", 'not', ',', 'that', ',', 'I', ""'m"", ""notI've"", 'been', 'tearing', 'around', 'in', 'my', 'fucking', 'nightgown24/7', 'Sylvia', 'PlathWriting', 'in', 'blood', 'on', 'my', ""walls'Cause"", 'the', 'ink', 'in', 'my', 'pen', 'do', ""n't"", 'work', 'in', 'my', ""notepadDon't"", 'ask', 'if', 'I', ""'m"", 'happy', ',', 'you', 'know', 'that', 'I', ""'m"", 'notBut', 'at', 'best', ',', 'I', 'can', 'say', 'I', ""'m"", 'not', ""sad'Cause"", 'hope', 'is', 'a', 'dangerous', 'thing', 'for', 'a', 'woman', 'like', 'me', 'to', 'haveHope', 'is', 'a', 'dangerous', 'thing', 'for', 'a', 'woman', 'like', 'me', 'to', 'haveI', 'had', '15', '-', 'year', 'dancesChurch', 'basement', 'romances', ',', 'yeah', ',', 'I', ""'ve"", 'criedSpilling', 'my', 'guts', 'with', 'the', 'Bowery', 'BumsIs', 'the', 'only', 'love', 'I', ""'ve"", 'ever', 'knownExcept', 'for', 'the', 'stage', ',', 'which', 'I', 'also', 'call', 'home', ',', 'when', 'I', ""'m"", 'notServin', ""'"", 'up', 'God', 'in', 'a', 'burnt', 'coffee', 'pot', 'for', 'the', 'triadHello', ',', 'it', ""'s"", 'the', 'most', 'famous', 'woman', 'you', 'know', 'on', 'the', 'iPadCalling', 'from', 'beyond', 'the', 'grave', ',', 'I', 'just', 'wanna', 'say', ',', '""', 'Hi', ',', 'Dad', '""']","['Song', 'Title', ':', '\u200bhope', 'be', 'a', 'dangerous', 'thing', 'for', 'a', 'woman', 'like', 'I', 'to', 'have', '-', 'but', 'I', 'have', 'it', '\n', 'I', 'be', 'read', 'Slim', 'Aarons', 'and', 'I', 'get', 'to', 'think', 'that', 'I', 'thoughtmaybe', 'I', 'would', 'get', 'less', 'stressed', 'if', 'I', 'be', 'test', 'less', 'likeall', 'of', 'these', 'debutantessmile', 'for', 'mile', 'in', 'pink', 'dress', 'and', 'high', 'heel', 'on', 'white', 'yachtsbut', 'I', 'be', 'not', ',', 'baby', ',', 'I', 'be', 'notNo', ',', 'I', 'be', 'not', ',', 'that', ',', 'I', 'be', ""noti've"", 'be', 'tear', 'around', 'in', 'my', 'fucking', 'nightgown24/7', 'Sylvia', 'PlathWriting', 'in', 'blood', 'on', 'my', ""walls'cause"", 'the', 'ink', 'in', 'my', 'pen', 'do', 'not', 'work', 'in', 'my', ""notepadDon't"", 'ask', 'if', 'I', 'be', 'happy', ',', 'you', 'know', 'that', 'I', 'be', 'notbut', 'at', 'good', ',', 'I', 'can', 'say', 'I', 'be', 'not', ""sad'cause"", 'hope', 'be', 'a', 'dangerous', 'thing', 'for', 'a', 'woman', 'like', 'I', 'to', 'havehope', 'be', 'a', 'dangerous', 'thing', 'for', 'a', 'woman', 'like', 'I', 'to', 'haveI', 'have', '15', '-', 'year', 'danceschurch', 'basement', 'romance', ',', 'yeah', ',', 'I', 'have', 'criedspille', 'my', 'gut', 'with', 'the', 'Bowery', 'bumsis', 'the', 'only', 'love', 'I', 'have', 'ever', 'knownExcept', 'for', 'the', 'stage', ',', 'which', 'I', 'also', 'call', 'home', ',', 'when', 'I', 'be', 'notServin', ""'"", 'up', 'God', 'in', 'a', 'burn', 'coffee', 'pot', 'for', 'the', 'triadHello', ',', 'it', 'be', 'the', 'most', 'famous', 'woman', 'you', 'know', 'on', 'the', 'iPadCalling', 'from', 'beyond', 'the', 'grave', ',', 'I', 'just', 'wanna', 'say', ',', '""', 'Hi', ',', 'Dad', '""']","['PROPN', 'PROPN', 'PUNCT', 'X', 'AUX', 'DET', 'ADJ', 'NOUN', 'SCONJ', 'DET', 'NOUN', 'ADP', 'PRON', 'PART', 'VERB', 'PUNCT', 'CCONJ', 'PRON', 'VERB', 'PRON', 'SPACE', 'PRON', 'AUX', 'VERB', 'PROPN', 'PROPN', 'CCONJ', 'PRON', 'VERB', 'AUX', 'VERB', 'SCONJ', 'PRON', 'ADV', 'PRON', 'AUX', 'VERB', 'ADV', 'ADJ', 'SCONJ', 'PRON', 'AUX', 'VERB', 'ADV', 'ADJ', 'ADP', 'PRON', 'VERB', 'ADP', 'NOUN', 'ADP', 'ADJ', 'NOUN', 'CCONJ', 'ADJ', 'NOUN', 'ADP', 'NOUN', 'CCONJ', 'PRON', 'AUX', 'PART', 'PUNCT', 'NOUN', 'PUNCT', 'PRON', 'AUX', 'PROPN', 'PUNCT', 'PRON', 'AUX', 'PART', 'PUNCT', 'SCONJ', 'PUNCT', 'PRON', 'AUX', 'NOUN', 'AUX', 'VERB', 'ADV', 'ADP', 'PRON', 'ADJ', 'NOUN', 'PROPN', 'PROPN', 'ADP', 'NOUN', 'ADP', 'PRON', 'NOUN', 'DET', 'NOUN', 'ADP', 'PRON', 'NOUN', 'AUX', 'PART', 'VERB', 'ADP', 'PRON', 'PROPN', 'VERB', 'SCONJ', 'PRON', 'AUX', 'ADJ', 'PUNCT', 'PRON', 'VERB', 'SCONJ', 'PRON', 'AUX', 'X', 'ADP', 'ADJ', 'PUNCT', 'PRON', 'AUX', 'VERB', 'PRON', 'AUX', 'PART', 'ADJ', 'NOUN', 'AUX', 'DET', 'ADJ', 'NOUN', 'ADP', 'DET', 'NOUN', 'ADP', 'PRON', 'ADP', 'NOUN', 'AUX', 'DET', 'ADJ', 'NOUN', 'ADP', 'DET', 'NOUN', 'ADP', 'PRON', 'ADP', 'PROPN', 'VERB', 'NUM', 'PUNCT', 'NOUN', 'NUM', 'NOUN', 'NOUN', 'PUNCT', 'INTJ', 'PUNCT', 'PRON', 'AUX', 'VERB', 'PRON', 'NOUN', 'ADP', 'DET', 'PROPN', 'NOUN', 'DET', 'ADJ', 'NOUN', 'PRON', 'AUX', 'ADV', 'VERB', 'ADP', 'DET', 'NOUN', 'PUNCT', 'PRON', 'PRON', 'ADV', 'VERB', 'NOUN', 'PUNCT', 'SCONJ', 'PRON', 'AUX', 'PROPN', 'PUNCT', 'ADP', 'PROPN', 'ADP', 'DET', 'VERB', 'NOUN', 'NOUN', 'ADP', 'DET', 'NOUN', 'PUNCT', 'PRON', 'AUX', 'DET', 'ADV', 'ADJ', 'NOUN', 'PRON', 'VERB', 'ADP', 'DET', 'PROPN', 'ADP', 'ADP', 'DET', 'NOUN', 'PUNCT', 'PRON', 'ADV', 'PROPN', 'VERB', 'PUNCT', 'PUNCT', 'PROPN', 'PUNCT', 'PROPN', 'PUNCT']","Song Title: ​hope is a dangerous thing for a woman like me to have - but i have it 
I was reading Slim Aarons and I got to thinking that I thoughtMaybe I'd get less stressed if I was tested less likeAll of these debutantesSmiling for miles in pink dresses and high heels on white yachtsBut I'm not, baby, I'm notNo, I'm not, that, I'm notI've been tearing around in my fucking nightgown24/7 Sylvia PlathWriting in blood on my walls'Cause the ink in my pen don't work in my notepadDon't ask if I'm happy, you know that I'm notBut at best, I can say I'm not sad'Cause hope is a dangerous thing for a woman like me to haveHope is a dangerous thing for a woman like me to haveI had 15-year dancesChurch basement romances, yeah, I've criedSpilling my guts with the Bowery BumsIs the only love I've ever knownExcept for the stage, which I also call home, when I'm notServin' up God in a burnt coffee pot for the triadHello, it's the most famous woman you know on the iPadCalling from beyond the grave, I just wanna say, ""Hi, Dad"""
